--
-- PostgreSQL database dump
--

-- Dumped from database version 16.2
-- Dumped by pg_dump version 16.2

SET statement_timeout = 0;
SET lock_timeout = 0;
SET idle_in_transaction_session_timeout = 0;
SET client_encoding = 'UTF8';
SET standard_conforming_strings = on;
SELECT pg_catalog.set_config('search_path', '', false);
SET check_function_bodies = false;
SET xmloption = content;
SET client_min_messages = warning;
SET row_security = off;

SET default_tablespace = '';

SET default_table_access_method = heap;

--
-- Name: auth_group; Type: TABLE; Schema: public; Owner: postgres
--

CREATE TABLE public.auth_group (
    id integer NOT NULL,
    name character varying(150) NOT NULL
);


ALTER TABLE public.auth_group OWNER TO postgres;

--
-- Name: auth_group_id_seq; Type: SEQUENCE; Schema: public; Owner: postgres
--

ALTER TABLE public.auth_group ALTER COLUMN id ADD GENERATED BY DEFAULT AS IDENTITY (
    SEQUENCE NAME public.auth_group_id_seq
    START WITH 1
    INCREMENT BY 1
    NO MINVALUE
    NO MAXVALUE
    CACHE 1
);


--
-- Name: auth_group_permissions; Type: TABLE; Schema: public; Owner: postgres
--

CREATE TABLE public.auth_group_permissions (
    id bigint NOT NULL,
    group_id integer NOT NULL,
    permission_id integer NOT NULL
);


ALTER TABLE public.auth_group_permissions OWNER TO postgres;

--
-- Name: auth_group_permissions_id_seq; Type: SEQUENCE; Schema: public; Owner: postgres
--

ALTER TABLE public.auth_group_permissions ALTER COLUMN id ADD GENERATED BY DEFAULT AS IDENTITY (
    SEQUENCE NAME public.auth_group_permissions_id_seq
    START WITH 1
    INCREMENT BY 1
    NO MINVALUE
    NO MAXVALUE
    CACHE 1
);


--
-- Name: auth_permission; Type: TABLE; Schema: public; Owner: postgres
--

CREATE TABLE public.auth_permission (
    id integer NOT NULL,
    name character varying(255) NOT NULL,
    content_type_id integer NOT NULL,
    codename character varying(100) NOT NULL
);


ALTER TABLE public.auth_permission OWNER TO postgres;

--
-- Name: auth_permission_id_seq; Type: SEQUENCE; Schema: public; Owner: postgres
--

ALTER TABLE public.auth_permission ALTER COLUMN id ADD GENERATED BY DEFAULT AS IDENTITY (
    SEQUENCE NAME public.auth_permission_id_seq
    START WITH 1
    INCREMENT BY 1
    NO MINVALUE
    NO MAXVALUE
    CACHE 1
);


--
-- Name: core_administrador; Type: TABLE; Schema: public; Owner: postgres
--

CREATE TABLE public.core_administrador (
    usuario_id bigint NOT NULL
);


ALTER TABLE public.core_administrador OWNER TO postgres;

--
-- Name: core_agendacita; Type: TABLE; Schema: public; Owner: postgres
--

CREATE TABLE public.core_agendacita (
    id bigint NOT NULL,
    fecha_cita date NOT NULL,
    hora_cita time without time zone NOT NULL,
    estado character varying(15) NOT NULL,
    motivo text,
    notas text,
    fecha_creacion timestamp with time zone NOT NULL,
    fecha_actualizacion timestamp with time zone NOT NULL,
    medico_especialidad_id integer NOT NULL,
    paciente_id bigint NOT NULL
);


ALTER TABLE public.core_agendacita OWNER TO postgres;

--
-- Name: core_agendacita_id_seq; Type: SEQUENCE; Schema: public; Owner: postgres
--

ALTER TABLE public.core_agendacita ALTER COLUMN id ADD GENERATED BY DEFAULT AS IDENTITY (
    SEQUENCE NAME public.core_agendacita_id_seq
    START WITH 1
    INCREMENT BY 1
    NO MINVALUE
    NO MAXVALUE
    CACHE 1
);


--
-- Name: core_auto; Type: TABLE; Schema: public; Owner: postgres
--

CREATE TABLE public.core_auto (
    id bigint NOT NULL,
    marca character varying(100) NOT NULL,
    modelo character varying(100) NOT NULL,
    anio integer NOT NULL,
    color character varying(50) NOT NULL,
    CONSTRAINT core_auto_anio_check CHECK ((anio >= 0))
);


ALTER TABLE public.core_auto OWNER TO postgres;

--
-- Name: core_auto_id_seq; Type: SEQUENCE; Schema: public; Owner: postgres
--

ALTER TABLE public.core_auto ALTER COLUMN id ADD GENERATED BY DEFAULT AS IDENTITY (
    SEQUENCE NAME public.core_auto_id_seq
    START WITH 1
    INCREMENT BY 1
    NO MINVALUE
    NO MAXVALUE
    CACHE 1
);


--
-- Name: core_bitacora; Type: TABLE; Schema: public; Owner: postgres
--

CREATE TABLE public.core_bitacora (
    id bigint NOT NULL,
    ip_address inet NOT NULL,
    accion_realizada character varying(200) NOT NULL,
    modulo_afectado character varying(50) NOT NULL,
    fecha_hora timestamp with time zone NOT NULL,
    detalles text,
    usuario_id bigint NOT NULL
);


ALTER TABLE public.core_bitacora OWNER TO postgres;

--
-- Name: core_bitacora_id_seq; Type: SEQUENCE; Schema: public; Owner: postgres
--

ALTER TABLE public.core_bitacora ALTER COLUMN id ADD GENERATED BY DEFAULT AS IDENTITY (
    SEQUENCE NAME public.core_bitacora_id_seq
    START WITH 1
    INCREMENT BY 1
    NO MINVALUE
    NO MAXVALUE
    CACHE 1
);


--
-- Name: core_componenteui; Type: TABLE; Schema: public; Owner: postgres
--

CREATE TABLE public.core_componenteui (
    id bigint NOT NULL,
    codigo_componente character varying(100) NOT NULL,
    nombre_componente character varying(200) NOT NULL,
    descripcion text,
    modulo character varying(50) NOT NULL,
    ruta character varying(200),
    icono character varying(100),
    orden integer NOT NULL,
    activo boolean NOT NULL,
    tipo_componente_id bigint NOT NULL
);


ALTER TABLE public.core_componenteui OWNER TO postgres;

--
-- Name: core_componenteui_id_seq; Type: SEQUENCE; Schema: public; Owner: postgres
--

ALTER TABLE public.core_componenteui ALTER COLUMN id ADD GENERATED BY DEFAULT AS IDENTITY (
    SEQUENCE NAME public.core_componenteui_id_seq
    START WITH 1
    INCREMENT BY 1
    NO MINVALUE
    NO MAXVALUE
    CACHE 1
);


--
-- Name: core_consulta; Type: TABLE; Schema: public; Owner: postgres
--

CREATE TABLE public.core_consulta (
    id bigint NOT NULL,
    fecha_consulta timestamp with time zone NOT NULL,
    motivo_consulta text NOT NULL,
    sintomas text,
    diagnostico text,
    tratamiento text,
    observaciones text,
    historia_clinica_id bigint NOT NULL,
    medico_id bigint NOT NULL
);


ALTER TABLE public.core_consulta OWNER TO postgres;

--
-- Name: core_consulta_id_seq; Type: SEQUENCE; Schema: public; Owner: postgres
--

ALTER TABLE public.core_consulta ALTER COLUMN id ADD GENERATED BY DEFAULT AS IDENTITY (
    SEQUENCE NAME public.core_consulta_id_seq
    START WITH 1
    INCREMENT BY 1
    NO MINVALUE
    NO MAXVALUE
    CACHE 1
);


--
-- Name: core_especialidad; Type: TABLE; Schema: public; Owner: postgres
--

CREATE TABLE public.core_especialidad (
    id bigint NOT NULL,
    codigo character varying(20) NOT NULL,
    nombre character varying(100) NOT NULL,
    descripcion text
);


ALTER TABLE public.core_especialidad OWNER TO postgres;

--
-- Name: core_especialidad_id_seq; Type: SEQUENCE; Schema: public; Owner: postgres
--

ALTER TABLE public.core_especialidad ALTER COLUMN id ADD GENERATED BY DEFAULT AS IDENTITY (
    SEQUENCE NAME public.core_especialidad_id_seq
    START WITH 1
    INCREMENT BY 1
    NO MINVALUE
    NO MAXVALUE
    CACHE 1
);


--
-- Name: core_historiaclinica; Type: TABLE; Schema: public; Owner: postgres
--

CREATE TABLE public.core_historiaclinica (
    id bigint NOT NULL,
    fecha_creacion timestamp with time zone NOT NULL,
    observaciones_generales text,
    activo boolean NOT NULL,
    paciente_id bigint NOT NULL
);


ALTER TABLE public.core_historiaclinica OWNER TO postgres;

--
-- Name: core_historiaclinica_id_seq; Type: SEQUENCE; Schema: public; Owner: postgres
--

ALTER TABLE public.core_historiaclinica ALTER COLUMN id ADD GENERATED BY DEFAULT AS IDENTITY (
    SEQUENCE NAME public.core_historiaclinica_id_seq
    START WITH 1
    INCREMENT BY 1
    NO MINVALUE
    NO MAXVALUE
    CACHE 1
);


--
-- Name: core_horariomedico; Type: TABLE; Schema: public; Owner: postgres
--

CREATE TABLE public.core_horariomedico (
    id bigint NOT NULL,
    dia_semana character varying(10) NOT NULL,
    hora_inicio time without time zone NOT NULL,
    hora_fin time without time zone NOT NULL,
    activo boolean NOT NULL,
    fecha_creacion timestamp with time zone NOT NULL,
    medico_especialidad_id integer NOT NULL
);


ALTER TABLE public.core_horariomedico OWNER TO postgres;

--
-- Name: core_horariomedico_id_seq; Type: SEQUENCE; Schema: public; Owner: postgres
--

ALTER TABLE public.core_horariomedico ALTER COLUMN id ADD GENERATED BY DEFAULT AS IDENTITY (
    SEQUENCE NAME public.core_horariomedico_id_seq
    START WITH 1
    INCREMENT BY 1
    NO MINVALUE
    NO MAXVALUE
    CACHE 1
);


--
-- Name: core_medico; Type: TABLE; Schema: public; Owner: postgres
--

CREATE TABLE public.core_medico (
    usuario_id bigint NOT NULL,
    numero_licencia character varying(50) NOT NULL,
    firma_digital text,
    estado character varying(15) NOT NULL
);


ALTER TABLE public.core_medico OWNER TO postgres;

--
-- Name: core_paciente; Type: TABLE; Schema: public; Owner: postgres
--

CREATE TABLE public.core_paciente (
    usuario_id bigint NOT NULL,
    tipo_sangre character varying(5),
    alergias text,
    enfermedades_cronicas text,
    medicamentos_actuales text,
    contacto_emergencia_nombre character varying(200),
    contacto_emergencia_telefono character varying(20),
    contacto_emergencia_parentesco character varying(50),
    estado character varying(15) NOT NULL
);


ALTER TABLE public.core_paciente OWNER TO postgres;

--
-- Name: core_permiso; Type: TABLE; Schema: public; Owner: postgres
--

CREATE TABLE public.core_permiso (
    id bigint NOT NULL,
    nombre character varying(100) NOT NULL,
    codigo character varying(50) NOT NULL,
    descripcion text
);


ALTER TABLE public.core_permiso OWNER TO postgres;

--
-- Name: core_permiso_id_seq; Type: SEQUENCE; Schema: public; Owner: postgres
--

ALTER TABLE public.core_permiso ALTER COLUMN id ADD GENERATED BY DEFAULT AS IDENTITY (
    SEQUENCE NAME public.core_permiso_id_seq
    START WITH 1
    INCREMENT BY 1
    NO MINVALUE
    NO MAXVALUE
    CACHE 1
);


--
-- Name: core_permisocomponente; Type: TABLE; Schema: public; Owner: postgres
--

CREATE TABLE public.core_permisocomponente (
    id bigint NOT NULL,
    accion_permitida character varying(10) NOT NULL,
    condiciones text,
    componente_id bigint NOT NULL,
    permiso_id bigint NOT NULL
);


ALTER TABLE public.core_permisocomponente OWNER TO postgres;

--
-- Name: core_permisocomponente_id_seq; Type: SEQUENCE; Schema: public; Owner: postgres
--

ALTER TABLE public.core_permisocomponente ALTER COLUMN id ADD GENERATED BY DEFAULT AS IDENTITY (
    SEQUENCE NAME public.core_permisocomponente_id_seq
    START WITH 1
    INCREMENT BY 1
    NO MINVALUE
    NO MAXVALUE
    CACHE 1
);


--
-- Name: core_registrobackup; Type: TABLE; Schema: public; Owner: postgres
--

CREATE TABLE public.core_registrobackup (
    id bigint NOT NULL,
    nombre_archivo character varying(255) NOT NULL,
    tamano_bytes bigint,
    fecha_backup timestamp with time zone NOT NULL,
    tipo_backup character varying(15) NOT NULL,
    estado character varying(15) NOT NULL,
    ubicacion_almacenamiento character varying(500),
    notas text,
    usuario_responsable_id bigint NOT NULL
);


ALTER TABLE public.core_registrobackup OWNER TO postgres;

--
-- Name: core_registrobackup_id_seq; Type: SEQUENCE; Schema: public; Owner: postgres
--

ALTER TABLE public.core_registrobackup ALTER COLUMN id ADD GENERATED BY DEFAULT AS IDENTITY (
    SEQUENCE NAME public.core_registrobackup_id_seq
    START WITH 1
    INCREMENT BY 1
    NO MINVALUE
    NO MAXVALUE
    CACHE 1
);


--
-- Name: core_rol; Type: TABLE; Schema: public; Owner: postgres
--

CREATE TABLE public.core_rol (
    id bigint NOT NULL,
    nombre_rol character varying(50) NOT NULL,
    descripcion text
);


ALTER TABLE public.core_rol OWNER TO postgres;

--
-- Name: core_rol_id_seq; Type: SEQUENCE; Schema: public; Owner: postgres
--

ALTER TABLE public.core_rol ALTER COLUMN id ADD GENERATED BY DEFAULT AS IDENTITY (
    SEQUENCE NAME public.core_rol_id_seq
    START WITH 1
    INCREMENT BY 1
    NO MINVALUE
    NO MAXVALUE
    CACHE 1
);


--
-- Name: core_rol_permisos; Type: TABLE; Schema: public; Owner: postgres
--

CREATE TABLE public.core_rol_permisos (
    id bigint NOT NULL,
    rol_id bigint NOT NULL,
    permiso_id bigint NOT NULL
);


ALTER TABLE public.core_rol_permisos OWNER TO postgres;

--
-- Name: core_rol_permisos_id_seq; Type: SEQUENCE; Schema: public; Owner: postgres
--

ALTER TABLE public.core_rol_permisos ALTER COLUMN id ADD GENERATED BY DEFAULT AS IDENTITY (
    SEQUENCE NAME public.core_rol_permisos_id_seq
    START WITH 1
    INCREMENT BY 1
    NO MINVALUE
    NO MAXVALUE
    CACHE 1
);


--
-- Name: core_tipocomponente; Type: TABLE; Schema: public; Owner: postgres
--

CREATE TABLE public.core_tipocomponente (
    id bigint NOT NULL,
    nombre character varying(50) NOT NULL,
    descripcion text
);


ALTER TABLE public.core_tipocomponente OWNER TO postgres;

--
-- Name: core_tipocomponente_id_seq; Type: SEQUENCE; Schema: public; Owner: postgres
--

ALTER TABLE public.core_tipocomponente ALTER COLUMN id ADD GENERATED BY DEFAULT AS IDENTITY (
    SEQUENCE NAME public.core_tipocomponente_id_seq
    START WITH 1
    INCREMENT BY 1
    NO MINVALUE
    NO MAXVALUE
    CACHE 1
);


--
-- Name: core_usuario; Type: TABLE; Schema: public; Owner: postgres
--

CREATE TABLE public.core_usuario (
    id bigint NOT NULL,
    last_login timestamp with time zone,
    is_superuser boolean NOT NULL,
    email character varying(254) NOT NULL,
    password character varying(128) NOT NULL,
    nombre character varying(100) NOT NULL,
    apellido character varying(100) NOT NULL,
    telefono character varying(20),
    direccion text,
    fecha_nacimiento date,
    genero character varying(1),
    activo boolean NOT NULL,
    is_active boolean NOT NULL,
    is_staff boolean NOT NULL,
    id_rol_id bigint NOT NULL
);


ALTER TABLE public.core_usuario OWNER TO postgres;

--
-- Name: core_usuario_groups; Type: TABLE; Schema: public; Owner: postgres
--

CREATE TABLE public.core_usuario_groups (
    id bigint NOT NULL,
    usuario_id bigint NOT NULL,
    group_id integer NOT NULL
);


ALTER TABLE public.core_usuario_groups OWNER TO postgres;

--
-- Name: core_usuario_groups_id_seq; Type: SEQUENCE; Schema: public; Owner: postgres
--

ALTER TABLE public.core_usuario_groups ALTER COLUMN id ADD GENERATED BY DEFAULT AS IDENTITY (
    SEQUENCE NAME public.core_usuario_groups_id_seq
    START WITH 1
    INCREMENT BY 1
    NO MINVALUE
    NO MAXVALUE
    CACHE 1
);


--
-- Name: core_usuario_id_seq; Type: SEQUENCE; Schema: public; Owner: postgres
--

ALTER TABLE public.core_usuario ALTER COLUMN id ADD GENERATED BY DEFAULT AS IDENTITY (
    SEQUENCE NAME public.core_usuario_id_seq
    START WITH 1
    INCREMENT BY 1
    NO MINVALUE
    NO MAXVALUE
    CACHE 1
);


--
-- Name: core_usuario_user_permissions; Type: TABLE; Schema: public; Owner: postgres
--

CREATE TABLE public.core_usuario_user_permissions (
    id bigint NOT NULL,
    usuario_id bigint NOT NULL,
    permission_id integer NOT NULL
);


ALTER TABLE public.core_usuario_user_permissions OWNER TO postgres;

--
-- Name: core_usuario_user_permissions_id_seq; Type: SEQUENCE; Schema: public; Owner: postgres
--

ALTER TABLE public.core_usuario_user_permissions ALTER COLUMN id ADD GENERATED BY DEFAULT AS IDENTITY (
    SEQUENCE NAME public.core_usuario_user_permissions_id_seq
    START WITH 1
    INCREMENT BY 1
    NO MINVALUE
    NO MAXVALUE
    CACHE 1
);


--
-- Name: django_admin_log; Type: TABLE; Schema: public; Owner: postgres
--

CREATE TABLE public.django_admin_log (
    id integer NOT NULL,
    action_time timestamp with time zone NOT NULL,
    object_id text,
    object_repr character varying(200) NOT NULL,
    action_flag smallint NOT NULL,
    change_message text NOT NULL,
    content_type_id integer,
    user_id bigint NOT NULL,
    CONSTRAINT django_admin_log_action_flag_check CHECK ((action_flag >= 0))
);


ALTER TABLE public.django_admin_log OWNER TO postgres;

--
-- Name: django_admin_log_id_seq; Type: SEQUENCE; Schema: public; Owner: postgres
--

ALTER TABLE public.django_admin_log ALTER COLUMN id ADD GENERATED BY DEFAULT AS IDENTITY (
    SEQUENCE NAME public.django_admin_log_id_seq
    START WITH 1
    INCREMENT BY 1
    NO MINVALUE
    NO MAXVALUE
    CACHE 1
);


--
-- Name: django_content_type; Type: TABLE; Schema: public; Owner: postgres
--

CREATE TABLE public.django_content_type (
    id integer NOT NULL,
    app_label character varying(100) NOT NULL,
    model character varying(100) NOT NULL
);


ALTER TABLE public.django_content_type OWNER TO postgres;

--
-- Name: django_content_type_id_seq; Type: SEQUENCE; Schema: public; Owner: postgres
--

ALTER TABLE public.django_content_type ALTER COLUMN id ADD GENERATED BY DEFAULT AS IDENTITY (
    SEQUENCE NAME public.django_content_type_id_seq
    START WITH 1
    INCREMENT BY 1
    NO MINVALUE
    NO MAXVALUE
    CACHE 1
);


--
-- Name: django_migrations; Type: TABLE; Schema: public; Owner: postgres
--

CREATE TABLE public.django_migrations (
    id bigint NOT NULL,
    app character varying(255) NOT NULL,
    name character varying(255) NOT NULL,
    applied timestamp with time zone NOT NULL
);


ALTER TABLE public.django_migrations OWNER TO postgres;

--
-- Name: django_migrations_id_seq; Type: SEQUENCE; Schema: public; Owner: postgres
--

ALTER TABLE public.django_migrations ALTER COLUMN id ADD GENERATED BY DEFAULT AS IDENTITY (
    SEQUENCE NAME public.django_migrations_id_seq
    START WITH 1
    INCREMENT BY 1
    NO MINVALUE
    NO MAXVALUE
    CACHE 1
);


--
-- Name: django_session; Type: TABLE; Schema: public; Owner: postgres
--

CREATE TABLE public.django_session (
    session_key character varying(40) NOT NULL,
    session_data text NOT NULL,
    expire_date timestamp with time zone NOT NULL
);


ALTER TABLE public.django_session OWNER TO postgres;

--
-- Name: medico_especialidad; Type: TABLE; Schema: public; Owner: postgres
--

CREATE TABLE public.medico_especialidad (
    id integer NOT NULL,
    especialidad_id bigint NOT NULL,
    medico_id bigint NOT NULL
);


ALTER TABLE public.medico_especialidad OWNER TO postgres;

--
-- Name: medico_especialidad_id_seq; Type: SEQUENCE; Schema: public; Owner: postgres
--

ALTER TABLE public.medico_especialidad ALTER COLUMN id ADD GENERATED BY DEFAULT AS IDENTITY (
    SEQUENCE NAME public.medico_especialidad_id_seq
    START WITH 1
    INCREMENT BY 1
    NO MINVALUE
    NO MAXVALUE
    CACHE 1
);


--
-- Name: token_blacklist_blacklistedtoken; Type: TABLE; Schema: public; Owner: postgres
--

CREATE TABLE public.token_blacklist_blacklistedtoken (
    id bigint NOT NULL,
    blacklisted_at timestamp with time zone NOT NULL,
    token_id bigint NOT NULL
);


ALTER TABLE public.token_blacklist_blacklistedtoken OWNER TO postgres;

--
-- Name: token_blacklist_blacklistedtoken_id_seq; Type: SEQUENCE; Schema: public; Owner: postgres
--

ALTER TABLE public.token_blacklist_blacklistedtoken ALTER COLUMN id ADD GENERATED BY DEFAULT AS IDENTITY (
    SEQUENCE NAME public.token_blacklist_blacklistedtoken_id_seq
    START WITH 1
    INCREMENT BY 1
    NO MINVALUE
    NO MAXVALUE
    CACHE 1
);


--
-- Name: token_blacklist_outstandingtoken; Type: TABLE; Schema: public; Owner: postgres
--

CREATE TABLE public.token_blacklist_outstandingtoken (
    id bigint NOT NULL,
    token text NOT NULL,
    created_at timestamp with time zone,
    expires_at timestamp with time zone NOT NULL,
    user_id bigint,
    jti character varying(255) NOT NULL
);


ALTER TABLE public.token_blacklist_outstandingtoken OWNER TO postgres;

--
-- Name: token_blacklist_outstandingtoken_id_seq; Type: SEQUENCE; Schema: public; Owner: postgres
--

ALTER TABLE public.token_blacklist_outstandingtoken ALTER COLUMN id ADD GENERATED BY DEFAULT AS IDENTITY (
    SEQUENCE NAME public.token_blacklist_outstandingtoken_id_seq
    START WITH 1
    INCREMENT BY 1
    NO MINVALUE
    NO MAXVALUE
    CACHE 1
);


--
-- Data for Name: auth_group; Type: TABLE DATA; Schema: public; Owner: postgres
--

COPY public.auth_group (id, name) FROM stdin;
\.


--
-- Data for Name: auth_group_permissions; Type: TABLE DATA; Schema: public; Owner: postgres
--

COPY public.auth_group_permissions (id, group_id, permission_id) FROM stdin;
\.


--
-- Data for Name: auth_permission; Type: TABLE DATA; Schema: public; Owner: postgres
--

COPY public.auth_permission (id, name, content_type_id, codename) FROM stdin;
1	Can add log entry	1	add_logentry
2	Can change log entry	1	change_logentry
3	Can delete log entry	1	delete_logentry
4	Can view log entry	1	view_logentry
5	Can add permission	2	add_permission
6	Can change permission	2	change_permission
7	Can delete permission	2	delete_permission
8	Can view permission	2	view_permission
9	Can add group	3	add_group
10	Can change group	3	change_group
11	Can delete group	3	delete_group
12	Can view group	3	view_group
13	Can add content type	4	add_contenttype
14	Can change content type	4	change_contenttype
15	Can delete content type	4	delete_contenttype
16	Can view content type	4	view_contenttype
17	Can add session	5	add_session
18	Can change session	5	change_session
19	Can delete session	5	delete_session
20	Can view session	5	view_session
21	Can add usuario	6	add_usuario
22	Can change usuario	6	change_usuario
23	Can delete usuario	6	delete_usuario
24	Can view usuario	6	view_usuario
25	Can add auto	7	add_auto
26	Can change auto	7	change_auto
27	Can delete auto	7	delete_auto
28	Can view auto	7	view_auto
29	Can add especialidad	8	add_especialidad
30	Can change especialidad	8	change_especialidad
31	Can delete especialidad	8	delete_especialidad
32	Can view especialidad	8	view_especialidad
33	Can add Historia Clínica	9	add_historiaclinica
34	Can change Historia Clínica	9	change_historiaclinica
35	Can delete Historia Clínica	9	delete_historiaclinica
36	Can view Historia Clínica	9	view_historiaclinica
37	Can add permiso	10	add_permiso
38	Can change permiso	10	change_permiso
39	Can delete permiso	10	delete_permiso
40	Can view permiso	10	view_permiso
41	Can add tipo componente	11	add_tipocomponente
42	Can change tipo componente	11	change_tipocomponente
43	Can delete tipo componente	11	delete_tipocomponente
44	Can view tipo componente	11	view_tipocomponente
45	Can add administrador	12	add_administrador
46	Can change administrador	12	change_administrador
47	Can delete administrador	12	delete_administrador
48	Can view administrador	12	view_administrador
49	Can add medico	13	add_medico
50	Can change medico	13	change_medico
51	Can delete medico	13	delete_medico
52	Can view medico	13	view_medico
53	Can add paciente	14	add_paciente
54	Can change paciente	14	change_paciente
55	Can delete paciente	14	delete_paciente
56	Can view paciente	14	view_paciente
57	Can add Bitácora	15	add_bitacora
58	Can change Bitácora	15	change_bitacora
59	Can delete Bitácora	15	delete_bitacora
60	Can view Bitácora	15	view_bitacora
61	Can add medico especialidad	16	add_medicoespecialidad
62	Can change medico especialidad	16	change_medicoespecialidad
63	Can delete medico especialidad	16	delete_medicoespecialidad
64	Can view medico especialidad	16	view_medicoespecialidad
65	Can add Registro Backup	17	add_registrobackup
66	Can change Registro Backup	17	change_registrobackup
67	Can delete Registro Backup	17	delete_registrobackup
68	Can view Registro Backup	17	view_registrobackup
69	Can add rol	18	add_rol
70	Can change rol	18	change_rol
71	Can delete rol	18	delete_rol
72	Can view rol	18	view_rol
73	Can add Componente UI	19	add_componenteui
74	Can change Componente UI	19	change_componenteui
75	Can delete Componente UI	19	delete_componenteui
76	Can view Componente UI	19	view_componenteui
77	Can add Consulta	20	add_consulta
78	Can change Consulta	20	change_consulta
79	Can delete Consulta	20	delete_consulta
80	Can view Consulta	20	view_consulta
81	Can add Agenda Cita	21	add_agendacita
82	Can change Agenda Cita	21	change_agendacita
83	Can delete Agenda Cita	21	delete_agendacita
84	Can view Agenda Cita	21	view_agendacita
85	Can add Horario Médico	22	add_horariomedico
86	Can change Horario Médico	22	change_horariomedico
87	Can delete Horario Médico	22	delete_horariomedico
88	Can view Horario Médico	22	view_horariomedico
89	Can add Permiso Componente	23	add_permisocomponente
90	Can change Permiso Componente	23	change_permisocomponente
91	Can delete Permiso Componente	23	delete_permisocomponente
92	Can view Permiso Componente	23	view_permisocomponente
93	Can add Blacklisted Token	24	add_blacklistedtoken
94	Can change Blacklisted Token	24	change_blacklistedtoken
95	Can delete Blacklisted Token	24	delete_blacklistedtoken
96	Can view Blacklisted Token	24	view_blacklistedtoken
97	Can add Outstanding Token	25	add_outstandingtoken
98	Can change Outstanding Token	25	change_outstandingtoken
99	Can delete Outstanding Token	25	delete_outstandingtoken
100	Can view Outstanding Token	25	view_outstandingtoken
\.


--
-- Data for Name: core_administrador; Type: TABLE DATA; Schema: public; Owner: postgres
--

COPY public.core_administrador (usuario_id) FROM stdin;
1
2
3
\.


--
-- Data for Name: core_agendacita; Type: TABLE DATA; Schema: public; Owner: postgres
--

COPY public.core_agendacita (id, fecha_cita, hora_cita, estado, motivo, notas, fecha_creacion, fecha_actualizacion, medico_especialidad_id, paciente_id) FROM stdin;
1	2025-10-10	17:45:00	confirmada	Consulta general	\N	2025-10-07 04:02:37.042459-04	2025-10-07 04:02:37.042459-04	7	13
2	2025-10-18	10:30:00	realizada	Seguimiento tratamiento	Enero quién sectores paso camino mayo saber hacia.	2025-10-07 04:02:37.049456-04	2025-10-07 04:02:37.049456-04	2	13
3	2025-10-11	09:15:00	pendiente	Consulta general	\N	2025-10-07 04:02:37.055455-04	2025-10-07 04:02:37.055455-04	3	17
4	2025-10-09	14:30:00	confirmada	Consulta general	\N	2025-10-07 04:02:37.062447-04	2025-10-07 04:02:37.062447-04	1	13
5	2025-10-21	12:15:00	pendiente	Consulta general	Imposible nueva nuestra perdido han poder.	2025-10-07 04:02:37.068443-04	2025-10-07 04:02:37.068443-04	5	14
6	2025-10-08	09:45:00	confirmada	Control rutinario	Dar todavía tema salida.	2025-10-07 04:02:37.074439-04	2025-10-07 04:02:37.074439-04	6	16
7	2025-10-08	10:15:00	confirmada	Segunda opinión	Ministerio pese miguel aquellos porque.	2025-10-07 04:02:37.079435-04	2025-10-07 04:02:37.079435-04	2	15
8	2025-10-22	17:45:00	confirmada	Consulta general	\N	2025-10-07 04:02:37.084432-04	2025-10-07 04:02:37.084432-04	4	17
9	2025-10-22	15:30:00	realizada	Segunda opinión	\N	2025-10-07 04:02:37.08843-04	2025-10-07 04:02:37.08843-04	4	15
10	2025-10-14	09:00:00	pendiente	Chequeo anual	Tratamiento fondo calidad caso trabajar mujer.	2025-10-07 04:02:37.094426-04	2025-10-07 04:02:37.094426-04	3	12
11	2025-10-13	16:00:00	pendiente	Segunda opinión	\N	2025-10-07 04:02:37.099423-04	2025-10-07 04:02:37.099423-04	5	13
12	2025-10-15	09:15:00	confirmada	Dolor persistente	Ser del pudo.	2025-10-07 04:02:37.108419-04	2025-10-07 04:02:37.108419-04	8	12
13	2025-10-18	11:00:00	confirmada	Consulta general	Aspectos educación éxito sueño hay ministro dónde música.	2025-10-07 04:02:37.114414-04	2025-10-07 04:02:37.114414-04	2	17
14	2025-10-16	14:45:00	realizada	Dolor persistente	\N	2025-10-07 04:02:37.11941-04	2025-10-07 04:02:37.11941-04	1	15
15	2025-10-16	11:45:00	confirmada	Control rutinario	\N	2025-10-07 04:02:37.124407-04	2025-10-07 04:02:37.124407-04	4	12
16	2025-10-08	18:45:00	pendiente	Dolor persistente	O artículo juego edad.	2025-10-07 04:02:37.129404-04	2025-10-07 04:02:37.129404-04	7	14
17	2025-10-15	17:45:00	confirmada	Consulta general	Eran segundo electoral p esfuerzo.	2025-10-07 04:02:37.135401-04	2025-10-07 04:02:37.135401-04	4	16
18	2025-10-16	09:15:00	pendiente	Control rutinario	España dejar había artículo mira.	2025-10-07 04:02:37.139398-04	2025-10-07 04:02:37.139398-04	7	12
19	2025-10-14	11:30:00	confirmada	Dolor persistente	\N	2025-10-07 04:02:37.145395-04	2025-10-07 04:02:37.145395-04	5	13
20	2025-10-16	09:30:00	confirmada	Dolor persistente	Los entrar mil ni resulta.	2025-10-07 04:02:37.155389-04	2025-10-07 04:02:37.155389-04	3	15
21	2025-10-13	09:00:00	pendiente	Chequeo anual	\N	2025-10-07 04:02:37.161384-04	2025-10-07 04:02:37.161384-04	7	13
22	2025-10-11	08:45:00	confirmada	Chequeo anual	\N	2025-10-07 04:02:37.169379-04	2025-10-07 04:02:37.169379-04	2	13
\.


--
-- Data for Name: core_auto; Type: TABLE DATA; Schema: public; Owner: postgres
--

COPY public.core_auto (id, marca, modelo, anio, color) FROM stdin;
\.


--
-- Data for Name: core_bitacora; Type: TABLE DATA; Schema: public; Owner: postgres
--

COPY public.core_bitacora (id, ip_address, accion_realizada, modulo_afectado, fecha_hora, detalles, usuario_id) FROM stdin;
1	135.194.37.221	Creación de nuevo usuario	Autenticación	2025-10-07 04:02:37.236337-04	Operación rodríguez salud siete origen abril.	5
2	156.154.154.246	Actualización de datos personales	Reportes	2025-10-07 04:02:37.241336-04	\N	4
3	80.36.94.123	Configuración del sistema	Médicos	2025-10-07 04:02:37.242335-04	\N	4
4	65.146.58.75	Cierre de sesión	Historias Clínicas	2025-10-07 04:02:37.244335-04	Cuyo riesgo local varias esos.	4
5	135.230.129.90	Registro de nueva consulta médica	Usuarios	2025-10-07 04:02:37.246333-04	\N	4
6	181.221.108.52	Actualización de perfil médico	Reportes	2025-10-07 04:02:37.247332-04	\N	3
7	43.61.13.203	Modificación de horario médico	Reportes	2025-10-07 04:02:37.249331-04	\N	1
8	93.160.69.29	Exportación de reporte de pacientes	Pacientes	2025-10-07 04:02:37.25033-04	Industria mientras españa teoría muerto asunto imagen.	2
9	46.47.186.147	Cancelación de cita	Agenda	2025-10-07 04:02:37.251329-04	\N	2
10	174.192.51.118	Solicitud de cita médica	Configuración	2025-10-07 04:02:37.25333-04	Profesional quería idea estilo ya meses datos cómo.	1
11	192.5.183.42	Inicio de sesión exitoso	Consultas	2025-10-07 04:02:37.255327-04	Proyectos investigación socialista buenos yo.	1
12	51.64.238.23	Configuración del sistema	Pacientes	2025-10-07 04:02:37.257326-04	Temas ha tiempo ciento.	5
\.


--
-- Data for Name: core_componenteui; Type: TABLE DATA; Schema: public; Owner: postgres
--

COPY public.core_componenteui (id, codigo_componente, nombre_componente, descripcion, modulo, ruta, icono, orden, activo, tipo_componente_id) FROM stdin;
1	menu_usuarios	Gestión de Usuarios	\N	Administración	/usuarios	users	1	t	1
2	menu_medicos	Gestión de Médicos	\N	Administración	/medicos	user-md	2	t	1
3	menu_pacientes	Gestión de Pacientes	\N	Administración	/pacientes	heart	3	t	1
4	menu_especialidades	Especialidades	\N	Administración	/especialidades	stethoscope	4	t	1
5	menu_agenda	Agenda Médica	\N	Médicos	/agenda	calendar	5	t	1
6	menu_historias	Historias Clínicas	\N	Médicos	/historias	file-medical	6	t	1
7	menu_reportes	Reportes	\N	Administración	/reportes	chart-bar	7	t	1
8	btn_crear_usuario	Crear Usuario	\N	Usuarios	\N	plus	10	t	2
9	btn_editar_usuario	Editar Usuario	\N	Usuarios	\N	edit	11	t	2
10	btn_eliminar_usuario	Eliminar Usuario	\N	Usuarios	\N	trash	12	t	2
11	btn_exportar_usuario	Exportar Usuarios	\N	Usuarios	\N	download	13	t	2
12	btn_crear_medico	Crear Médico	\N	Médicos	\N	plus	20	t	2
13	btn_editar_medico	Editar Médico	\N	Médicos	\N	edit	21	t	2
14	btn_crear_cita	Solicitar Cita	\N	Agenda	\N	calendar-plus	30	t	2
15	btn_cancelar_cita	Cancelar Cita	\N	Agenda	\N	calendar-times	31	t	2
16	btn_confirmar_cita	Confirmar Cita	\N	Agenda	\N	calendar-check	32	t	2
17	form_usuario_completo	Formulario Completo Usuario	\N	Usuarios	\N	user-edit	40	t	3
18	form_medico_completo	Formulario Completo Médico	\N	Médicos	\N	user-md	41	t	3
19	form_consulta_medica	Formulario Consulta Médica	\N	Consultas	\N	notes-medical	42	t	3
20	form_historia_clinica	Formulario Historia Clínica	\N	Historias	\N	file-medical-alt	43	t	3
21	seccion_datos_personales	Datos Personales	\N	Perfil	\N	user-circle	50	t	4
22	seccion_datos_medicos	Datos Médicos	\N	Perfil	\N	heartbeat	51	t	4
23	seccion_contacto_emergencia	Contacto de Emergencia	\N	Perfil	\N	phone-alt	52	t	4
\.


--
-- Data for Name: core_consulta; Type: TABLE DATA; Schema: public; Owner: postgres
--

COPY public.core_consulta (id, fecha_consulta, motivo_consulta, sintomas, diagnostico, tratamiento, observaciones, historia_clinica_id, medico_id) FROM stdin;
1	2025-10-07 04:02:37.182372-04	Seguimiento tratamiento	Pérdida de memoria, Problemas de visión, Debilidad muscular	Hipertensión arterial controlada	Antibiótico por 7 días. Volver si no mejora.	Primer obstante fernando éxito centro. Existencia carne humano tales capital tras me hecho. Hay falta voy juan señor.	2	4
2	2025-10-07 04:02:37.193366-04	Segunda opinión	Dolor durante relaciones	Lumbalgia mecánica	Ejercicios de rehabilitación en casa.	Conseguir ni área cerca creo según menor. Hacer él perdido derecho ellos explicó área. Riesgo una tiene aunque mi.	4	5
3	2025-10-07 04:02:37.200361-04	Dolor persistente	Falta de aire	Síndrome metabólico	Control estricto de signos vitales.	\N	4	4
\.


--
-- Data for Name: core_especialidad; Type: TABLE DATA; Schema: public; Owner: postgres
--

COPY public.core_especialidad (id, codigo, nombre, descripcion) FROM stdin;
1	CARD	Cardiología	Especialidad en enfermedades del corazón y sistema circulatorio
2	DERM	Dermatología	Especialidad en enfermedades de la piel, pelo y uñas
3	PED	Pediatría	Atención médica para niños y adolescentes
4	NEUR	Neurología	Especialidad en enfermedades del sistema nervioso
5	TRAU	Traumatología	Especialidad en lesiones óseas y musculares
6	PSIQ	Psiquiatría	Diagnóstico y tratamiento de trastornos mentales
7	GINE	Ginecología	Salud femenina y sistema reproductivo
8	OFTA	Oftalmología	Enfermedades de los ojos y visión
9	ORTO	Ortopedia	Corrección de deformidades óseas
10	UROL	Urología	Sistema urinario y reproductor masculino
11	ENDO	Endocrinología	Trastornos hormonales y metabólicos
12	GAST	Gastroenterología	Enfermedades del sistema digestivo
\.


--
-- Data for Name: core_historiaclinica; Type: TABLE DATA; Schema: public; Owner: postgres
--

COPY public.core_historiaclinica (id, fecha_creacion, observaciones_generales, activo, paciente_id) FROM stdin;
1	2025-10-07 04:02:37.010479-04	Conocer capaz programa profesional fuego media g. Estos características santiago papel.	t	12
2	2025-10-07 04:02:37.014478-04	Mismo luz sangre cuestión cuadro política siglo. Deseo hijo trabajadores producto. Muerte formación problemas luz desde.	t	13
3	2025-10-07 04:02:37.016477-04	Cada estas dónde. Necesario tuvo maría señora carne comunicación.	t	14
4	2025-10-07 04:02:37.019473-04	Cabeza cualquier seguridad secretario aumento. Trabajar quiere público pesar. Especial rafael mitad vino sangre encuentro.	t	15
5	2025-10-07 04:02:37.022473-04	Nuestro tierra habrá baja. Dos muy informe barcelona junio mesa.	t	16
6	2025-10-07 04:02:37.024469-04	Cinco figura estilo dice. Piel cual ahí grupo socialista toda empresas ex. Explicó otras dejar carrera allí.	t	17
7	2025-10-07 04:02:37.027471-04	Fuerzas informe fin pueda movimiento ministerio. Proceso importante será diversas ii veces habrá.	t	18
8	2025-10-07 04:02:37.030465-04	Asunto cierta podrá u. Fuentes nos josé padre.	t	19
\.


--
-- Data for Name: core_horariomedico; Type: TABLE DATA; Schema: public; Owner: postgres
--

COPY public.core_horariomedico (id, dia_semana, hora_inicio, hora_fin, activo, fecha_creacion, medico_especialidad_id) FROM stdin;
1	Viernes	15:00:00	19:00:00	t	2025-10-07 04:02:36.84758-04	1
2	Jueves	14:00:00	18:00:00	t	2025-10-07 04:02:36.852576-04	1
3	Miércoles	14:00:00	18:00:00	t	2025-10-07 04:02:36.856574-04	1
4	Sábado	08:00:00	12:00:00	t	2025-10-07 04:02:36.859572-04	2
5	Miércoles	09:00:00	13:00:00	t	2025-10-07 04:02:36.863569-04	2
6	Martes	15:00:00	19:00:00	t	2025-10-07 04:02:36.866567-04	2
7	Jueves	08:00:00	12:00:00	t	2025-10-07 04:02:36.868566-04	2
8	Martes	08:00:00	12:00:00	t	2025-10-07 04:02:36.873563-04	3
9	Miércoles	14:00:00	18:00:00	t	2025-10-07 04:02:36.875561-04	3
10	Sábado	08:00:00	12:00:00	t	2025-10-07 04:02:36.87856-04	3
11	Jueves	09:00:00	13:00:00	t	2025-10-07 04:02:36.881558-04	3
12	Jueves	08:00:00	12:00:00	t	2025-10-07 04:02:36.884556-04	4
13	Sábado	15:00:00	19:00:00	t	2025-10-07 04:02:36.886555-04	4
14	Miércoles	15:00:00	19:00:00	t	2025-10-07 04:02:36.889553-04	4
15	Martes	09:00:00	13:00:00	t	2025-10-07 04:02:36.893551-04	5
16	Miércoles	14:00:00	18:00:00	t	2025-10-07 04:02:36.896548-04	5
17	Lunes	15:00:00	19:00:00	t	2025-10-07 04:02:36.898548-04	5
18	Miércoles	09:00:00	13:00:00	t	2025-10-07 04:02:36.901545-04	6
19	Martes	14:00:00	18:00:00	t	2025-10-07 04:02:36.903544-04	6
20	Viernes	14:00:00	18:00:00	t	2025-10-07 04:02:36.906542-04	6
21	Miércoles	15:00:00	19:00:00	t	2025-10-07 04:02:36.91054-04	7
22	Lunes	08:00:00	12:00:00	t	2025-10-07 04:02:36.914538-04	7
23	Viernes	14:00:00	18:00:00	t	2025-10-07 04:02:36.917536-04	7
24	Jueves	09:00:00	13:00:00	t	2025-10-07 04:02:36.920534-04	7
25	Sábado	09:00:00	13:00:00	t	2025-10-07 04:02:36.923532-04	7
26	Viernes	09:00:00	13:00:00	t	2025-10-07 04:02:36.927529-04	8
27	Miércoles	09:00:00	13:00:00	t	2025-10-07 04:02:36.930528-04	8
28	Lunes	15:00:00	19:00:00	t	2025-10-07 04:02:36.933526-04	8
29	Martes	08:00:00	12:00:00	t	2025-10-07 04:02:36.936524-04	9
30	Jueves	15:00:00	19:00:00	t	2025-10-07 04:02:36.939522-04	9
31	Sábado	08:00:00	12:00:00	t	2025-10-07 04:02:36.942521-04	9
32	Lunes	15:00:00	19:00:00	t	2025-10-07 04:02:36.945519-04	9
33	Miércoles	09:00:00	13:00:00	t	2025-10-07 04:02:36.948517-04	9
34	Jueves	08:00:00	12:00:00	t	2025-10-07 04:02:36.952515-04	10
35	Martes	09:00:00	13:00:00	t	2025-10-07 04:02:36.955513-04	10
36	Miércoles	09:00:00	13:00:00	t	2025-10-07 04:02:36.958511-04	10
37	Viernes	14:00:00	18:00:00	t	2025-10-07 04:02:36.961509-04	10
38	Sábado	09:00:00	13:00:00	t	2025-10-07 04:02:36.965506-04	11
39	Lunes	15:00:00	19:00:00	t	2025-10-07 04:02:36.967505-04	11
40	Martes	15:00:00	19:00:00	t	2025-10-07 04:02:36.970504-04	11
41	Viernes	14:00:00	18:00:00	t	2025-10-07 04:02:36.974501-04	11
42	Lunes	09:00:00	13:00:00	t	2025-10-07 04:02:36.978498-04	12
43	Jueves	09:00:00	13:00:00	t	2025-10-07 04:02:36.981497-04	12
44	Sábado	14:00:00	18:00:00	t	2025-10-07 04:02:36.983495-04	12
45	Viernes	08:00:00	12:00:00	t	2025-10-07 04:02:36.986495-04	12
46	Martes	09:00:00	13:00:00	t	2025-10-07 04:02:36.990491-04	12
47	Sábado	08:00:00	12:00:00	t	2025-10-07 04:02:36.993489-04	13
48	Miércoles	15:00:00	19:00:00	t	2025-10-07 04:02:36.996487-04	13
49	Jueves	09:00:00	13:00:00	t	2025-10-07 04:02:36.999486-04	13
50	Martes	09:00:00	13:00:00	t	2025-10-07 04:02:37.001484-04	13
\.


--
-- Data for Name: core_medico; Type: TABLE DATA; Schema: public; Owner: postgres
--

COPY public.core_medico (usuario_id, numero_licencia, firma_digital, estado) FROM stdin;
4	M-2023001	Firma digital del Dr. Luis García	Activo
5	M-2023002	Firma digital del Dr. Elena Martínez	Activo
6	M-2023003	Firma digital del Dr. Javier Rodríguez	Activo
7	M-2023004	Firma digital del Dr. Carmen López	Activo
8	M-2023005	Firma digital del Dr. Miguel Hernández	Activo
9	M-2023006	Firma digital del Dr. Sofia Gómez	Activo
10	M-2023007	Firma digital del Dr. Roberto Díaz	Activo
11	M-2023008	Firma digital del Dr. Isabel Fernández	Activo
\.


--
-- Data for Name: core_paciente; Type: TABLE DATA; Schema: public; Owner: postgres
--

COPY public.core_paciente (usuario_id, tipo_sangre, alergias, enfermedades_cronicas, medicamentos_actuales, contacto_emergencia_nombre, contacto_emergencia_telefono, contacto_emergencia_parentesco, estado) FROM stdin;
12	O-	Frutos secos, Lactosa	Ninguna	Paracetamol 500mg, Insulina glargina	Soraya Guzmán Blasco	+34 715 336 190	Padre	Activo
13	AB+	Ninguna conocida	Esclerosis múltiple, Artritis reumatoide	Ninguno	Fátima Larrea-Ayala	+34 800082862	Hijo	Activo
14	B+	Ninguna conocida	Ninguna	Ninguno	Virginia de Villena	+34926 49 41 98	Madre	Activo
15	AB+	Ninguna conocida	Asma bronquial, Hipercolesterolemia	Salbutamol inhalador, Omeprazol 20mg	Ismael Riera Coloma	+34923 12 22 65	Madre	Activo
16	O+	Ninguna conocida	Ninguna	Atorvastatina 20mg	Elena Rebollo Gual	+34878 182 386	Hija	Activo
17	B+	Lactosa	Enfermedad de Parkinson	Metoprolol 50mg, Omeprazol 20mg, Amlodipino 5mg	Maxi Blanca	+34832 16 41 08	Hija	Activo
18	A-	Polen	Diabetes tipo 2, Artritis reumatoide	Ibuprofeno 600mg, Losartán 50mg, Warfarina 5mg	José Mari Mancebo Marco	+34 976 258 947	Hijo	Activo
19	B-	Latex, Polen	Ninguna	Ibuprofeno 600mg, Levotiroxina 50mcg	Rafael Maldonado-Cáceres	+34 803 54 84 26	Padre	Activo
\.


--
-- Data for Name: core_permiso; Type: TABLE DATA; Schema: public; Owner: postgres
--

COPY public.core_permiso (id, nombre, codigo, descripcion) FROM stdin;
1	Acceso completo administrativo	admin_full	Permiso para acceso completo administrativo
2	Ver lista de usuarios	ver_usuarios	Permiso para ver lista de usuarios
3	Crear nuevos usuarios	crear_usuarios	Permiso para crear nuevos usuarios
4	Editar usuarios existentes	editar_usuarios	Permiso para editar usuarios existentes
5	Eliminar usuarios	eliminar_usuarios	Permiso para eliminar usuarios
6	Ver lista de pacientes	ver_pacientes	Permiso para ver lista de pacientes
7	Ver historias clínicas	ver_historias	Permiso para ver historias clínicas
8	Editar historias clínicas	editar_historias	Permiso para editar historias clínicas
9	Crear nuevas consultas	crear_consultas	Permiso para crear nuevas consultas
10	Ver agenda de citas	ver_agenda	Permiso para ver agenda de citas
11	Gestionar citas médicas	gestionar_citas	Permiso para gestionar citas médicas
12	Ver propia historia clínica	ver_mi_historia	Permiso para ver propia historia clínica
13	Solicitar citas médicas	solicitar_citas	Permiso para solicitar citas médicas
14	Ver citas propias	ver_mis_citas	Permiso para ver citas propias
\.


--
-- Data for Name: core_permisocomponente; Type: TABLE DATA; Schema: public; Owner: postgres
--

COPY public.core_permisocomponente (id, accion_permitida, condiciones, componente_id, permiso_id) FROM stdin;
1	todos	\N	1	1
2	todos	\N	2	1
3	todos	\N	3	1
4	todos	\N	4	1
5	todos	\N	5	1
6	todos	\N	6	1
7	todos	\N	7	1
8	todos	\N	8	1
9	todos	\N	9	1
10	todos	\N	10	1
11	todos	\N	11	1
12	todos	\N	12	1
13	todos	\N	13	1
14	todos	\N	14	1
15	todos	\N	15	1
16	todos	\N	16	1
17	todos	\N	17	1
18	todos	\N	18	1
19	todos	\N	19	1
20	todos	\N	20	1
21	todos	\N	21	1
22	todos	\N	22	1
23	todos	\N	23	1
24	ver	\N	1	2
25	ver	\N	21	2
\.


--
-- Data for Name: core_registrobackup; Type: TABLE DATA; Schema: public; Owner: postgres
--

COPY public.core_registrobackup (id, nombre_archivo, tamano_bytes, fecha_backup, tipo_backup, estado, ubicacion_almacenamiento, notas, usuario_responsable_id) FROM stdin;
1	backup_completo_20240115_143000.sql	524288000	2025-10-07 04:02:37.209356-04	Completo	Exitoso	/backups/automaticos/	Backup automático nocturno. Todos los sistemas operativos correctamente.	1
2	backup_incremental_20240116_020000.sql	104857600	2025-10-07 04:02:37.213352-04	Incremental	Exitoso	/backups/incremental/	Backup incremental. Solo cambios desde el último backup completo.	1
3	backup_diferencial_20240117_030000.sql	209715200	2025-10-07 04:02:37.214352-04	Diferencial	Exitoso	/backups/diferenciales/	Backup diferencial semanal. Incluye todos los cambios de la semana.	1
8	backup_20251008_154017.sql	95747	2025-10-08 11:40:17.502811-04	Completo	Exitoso	backups\\backup_20251008_154017.sql	\N	1
9	backup_20251008_161427.sql	\N	2025-10-08 12:14:27.240513-04	Completo	En Progreso	backups\\backup_20251008_161427.sql	\N	1
\.


--
-- Data for Name: core_rol; Type: TABLE DATA; Schema: public; Owner: postgres
--

COPY public.core_rol (id, nombre_rol, descripcion) FROM stdin;
1	Administrador	Acceso completo al sistema
2	Medico	Personal médico con acceso a historias clínicas
3	Paciente	Pacientes del sistema
\.


--
-- Data for Name: core_rol_permisos; Type: TABLE DATA; Schema: public; Owner: postgres
--

COPY public.core_rol_permisos (id, rol_id, permiso_id) FROM stdin;
1	1	1
2	1	2
3	1	3
4	1	4
5	1	5
6	1	6
7	1	7
8	1	8
9	1	9
10	1	10
11	1	11
12	1	12
13	1	13
14	1	14
15	2	6
16	2	7
17	2	8
18	2	9
19	2	10
20	2	11
21	3	12
22	3	13
23	3	14
\.


--
-- Data for Name: core_tipocomponente; Type: TABLE DATA; Schema: public; Owner: postgres
--

COPY public.core_tipocomponente (id, nombre, descripcion) FROM stdin;
1	menu	Elementos de navegación principal
2	boton	Botones de acción en formularios
3	formulario	Formularios completos de entrada de datos
4	seccion	Secciones de contenido en páginas
5	reporte	Reportes y visualizaciones de datos
6	modal	Ventanas modales y diálogos
\.


--
-- Data for Name: core_usuario; Type: TABLE DATA; Schema: public; Owner: postgres
--

COPY public.core_usuario (id, last_login, is_superuser, email, password, nombre, apellido, telefono, direccion, fecha_nacimiento, genero, activo, is_active, is_staff, id_rol_id) FROM stdin;
1	\N	t	admin@salud.com	pbkdf2_sha256$1000000$KtgUE592qzpQ1f8hdR7PFS$oB+bAJCcxi0HiHw756dbLroBpnSkhwvzbglZ73ddpJQ=	Carlos	Rodríguez	+34 912 345 678	\N	\N	\N	t	t	t	1
2	\N	t	soporte@salud.com	pbkdf2_sha256$1000000$vGkyF2TxKsqncWe9aONpFr$HPVajUiNP394zKfTSDa5hRfb2j0sSpgT2rmRTURnI8Y=	Ana	Martínez	+34 913 456 789	\N	\N	\N	t	t	t	1
3	\N	t	sistema@salud.com	pbkdf2_sha256$1000000$SKHv9iY1VeFkQt67T32zpP$fWv0Dw70QiKBNQqbKt504GZwy2H8Q5qnHL2RQjJKh2k=	David	García	+34 914 567 890	\N	\N	\N	t	t	t	1
4	\N	f	dr.garcia@salud.com	pbkdf2_sha256$1000000$iSUr1UAbmGRnHQIhnILes8$W9OYUGYuvRcjCDw/d9vsgqJXDhR/j7j1tuiUILJGjM0=	Luis	García	+34749 359 002	\N	\N	\N	t	t	t	2
5	\N	f	dra.martinez@salud.com	pbkdf2_sha256$1000000$FUJbjYimsV9riXuADtcv79$oxHjG1OfBsifxjgIhKDEeh0KW5PVIg79yFOuPZn2a2E=	Elena	Martínez	+34975 46 37 76	\N	\N	\N	t	t	t	2
6	\N	f	dr.rodriguez@salud.com	pbkdf2_sha256$1000000$LX2w5xUkPzRQbPWnIhrWfO$fImQnAdt8eSnG9E02i2o7o53ZSmc6mdrtu1jF5lUuhw=	Javier	Rodríguez	+34944 180 317	\N	\N	\N	t	t	t	2
7	\N	f	dra.lopez@salud.com	pbkdf2_sha256$1000000$ENjpVWR0Ca7HYBlcsWZMQw$u1mm3rF9y/A65aebhAwkeldc3op85rN1zW6B7iL9R9M=	Carmen	López	+34 947 751 176	\N	\N	\N	t	t	t	2
8	\N	f	dr.hernandez@salud.com	pbkdf2_sha256$1000000$AGJdTVo9AW1sH4cN9v8IXw$07LD+0YmcZJSJlQgtPP18CoUXvoozOIspmItUIxWAwU=	Miguel	Hernández	+34879 62 39 45	\N	\N	\N	t	t	t	2
9	\N	f	dra.gomez@salud.com	pbkdf2_sha256$1000000$elBSgzpVm9nFUoUpbN8OFJ$mbWpRTwREv3KtFLI8wUKMWph/bUF81O3fL/KLSLHfrc=	Sofia	Gómez	+34853254588	\N	\N	\N	t	t	t	2
10	\N	f	dr.diaz@salud.com	pbkdf2_sha256$1000000$8M94jhQL7ctkjnltAvwXVn$X9fiioT2q4ks7uzl7slMlwKgkLEAwODIj+x5WtQlfyE=	Roberto	Díaz	+34987053127	\N	\N	\N	t	t	t	2
11	\N	f	dra.fernandez@salud.com	pbkdf2_sha256$1000000$MorYWUJXHLNAUMf9pOeL90$cYmSAezZa69TKKzXevI32QpGYuxw1OIEk3q4fD74YqM=	Isabel	Fernández	+34925 65 75 21	\N	\N	\N	t	t	t	2
12	\N	f	maria.gonzalez@email.com	pbkdf2_sha256$1000000$vOJxpBYw7VXVJIUCNWiZDF$fz+VtAH98cJ97jpmtI5ogW4MWpBLyVZJ7TCg2ex/3FU=	María	González	+34 871 77 05 08	Calle de Jerónimo Arranz 566 Apt. 42 \nLa Coruña, 40860	1979-10-10	F	t	t	f	3
13	\N	f	carlos.lopez@email.com	pbkdf2_sha256$1000000$esDNbS7Ope92EU18iQOe96$vK+Z/LEyle4P65HCcHDwrwJlIFgw271+3EyWTHj/p7E=	Carlos	López	+34925 97 43 12	Cuesta de Haydée Solana 59 Apt. 64 \nLa Coruña, 25563	1963-03-04	M	t	t	f	3
14	\N	f	ana.rodriguez@email.com	pbkdf2_sha256$1000000$VjYAVe6tHv1RT3aFlMAxvW$QReX4rXIIk4ku3KydmnN0jDEUh70RZEeIYfNclL/rBY=	Ana	Rodríguez	+34 972 303 704	Plaza de Rufino Flor 96 Apt. 28 \nMurcia, 50537	1997-07-04	F	t	t	f	3
15	\N	f	javier.martinez@email.com	pbkdf2_sha256$1000000$qAuDew65CDzDoHM8xB7wr5$+LnGkd4pgVa6/YXfZCM68oojIrUEAAgkQW8qfeQeQWo=	Javier	Martínez	+34883553403	Plaza Ana Belén Egea 73\nZaragoza, 14258	1990-09-26	M	t	t	f	3
16	\N	f	laura.sanchez@email.com	pbkdf2_sha256$1000000$WxaE5hRjvrBSZsCHw8bh9H$ljq8PB9l+ECVcjiV+/F5p6XRdjV8WKGM+xVpxnansMs=	Laura	Sánchez	+34968 213 892	Rambla de Gisela Pallarès 37\nValencia, 19528	1973-12-27	F	t	t	f	3
17	\N	f	diego.perez@email.com	pbkdf2_sha256$1000000$srMurh6TlQmLiJKVxOo4e0$RCVVzqBAg75T4Bhd9fukLhJz23JtLzbJe8XerY7gLnQ=	Diego	Pérez	+34 945420579	Cañada de Humberto Cortina 22 Puerta 2 \nSalamanca, 15571	1957-11-03	M	t	t	f	3
18	\N	f	elena.fernandez@email.com	pbkdf2_sha256$1000000$BpHLgXeiRKue1kwPD4UKOC$hSa6HENHcP+kuRyKXKQmYOs7vpwCDvNTKTmIfaF2pxg=	Elena	Fernández	+34846 41 05 16	Avenida Elena Ramis 69 Puerta 8 \nAlmería, 02027	1986-07-11	F	t	t	f	3
19	\N	f	roberto.gomez@email.com	pbkdf2_sha256$1000000$RmkfQjEM73k3yk4LMZx0Sx$ReQx9ZUDfQ89Id7aGS2LbkEKbWjat1/JThbvBD8p6yU=	Roberto	Gómez	+34 886842092	Avenida de Lucho Carretero 294 Apt. 04 \nÁvila, 35320	1983-08-12	M	t	t	f	3
\.


--
-- Data for Name: core_usuario_groups; Type: TABLE DATA; Schema: public; Owner: postgres
--

COPY public.core_usuario_groups (id, usuario_id, group_id) FROM stdin;
\.


--
-- Data for Name: core_usuario_user_permissions; Type: TABLE DATA; Schema: public; Owner: postgres
--

COPY public.core_usuario_user_permissions (id, usuario_id, permission_id) FROM stdin;
\.


--
-- Data for Name: django_admin_log; Type: TABLE DATA; Schema: public; Owner: postgres
--

COPY public.django_admin_log (id, action_time, object_id, object_repr, action_flag, change_message, content_type_id, user_id) FROM stdin;
\.


--
-- Data for Name: django_content_type; Type: TABLE DATA; Schema: public; Owner: postgres
--

COPY public.django_content_type (id, app_label, model) FROM stdin;
1	admin	logentry
2	auth	permission
3	auth	group
4	contenttypes	contenttype
5	sessions	session
6	core	usuario
7	core	auto
8	core	especialidad
9	core	historiaclinica
10	core	permiso
11	core	tipocomponente
12	core	administrador
13	core	medico
14	core	paciente
15	core	bitacora
16	core	medicoespecialidad
17	core	registrobackup
18	core	rol
19	core	componenteui
20	core	consulta
21	core	agendacita
22	core	horariomedico
23	core	permisocomponente
24	token_blacklist	blacklistedtoken
25	token_blacklist	outstandingtoken
\.


--
-- Data for Name: django_migrations; Type: TABLE DATA; Schema: public; Owner: postgres
--

COPY public.django_migrations (id, app, name, applied) FROM stdin;
1	contenttypes	0001_initial	2025-10-07 02:59:06.597725-04
2	contenttypes	0002_remove_content_type_name	2025-10-07 02:59:06.60972-04
3	auth	0001_initial	2025-10-07 02:59:06.690427-04
4	auth	0002_alter_permission_name_max_length	2025-10-07 02:59:06.69842-04
5	auth	0003_alter_user_email_max_length	2025-10-07 02:59:06.704646-04
6	auth	0004_alter_user_username_opts	2025-10-07 02:59:06.712613-04
7	auth	0005_alter_user_last_login_null	2025-10-07 02:59:06.719266-04
8	auth	0006_require_contenttypes_0002	2025-10-07 02:59:06.722263-04
9	auth	0007_alter_validators_add_error_messages	2025-10-07 02:59:06.730109-04
10	auth	0008_alter_user_username_max_length	2025-10-07 02:59:06.737224-04
11	auth	0009_alter_user_last_name_max_length	2025-10-07 02:59:06.745401-04
12	auth	0010_alter_group_name_max_length	2025-10-07 02:59:06.757052-04
13	auth	0011_update_proxy_permissions	2025-10-07 02:59:06.764629-04
14	auth	0012_alter_user_first_name_max_length	2025-10-07 02:59:06.772271-04
15	core	0001_initial	2025-10-07 02:59:07.464167-04
16	admin	0001_initial	2025-10-07 02:59:07.525132-04
17	admin	0002_logentry_remove_auto_add	2025-10-07 02:59:07.54212-04
18	admin	0003_logentry_add_action_flag_choices	2025-10-07 02:59:07.561109-04
19	sessions	0001_initial	2025-10-07 02:59:07.587989-04
20	token_blacklist	0001_initial	2025-10-07 02:59:07.675117-04
21	token_blacklist	0002_outstandingtoken_jti_hex	2025-10-07 02:59:07.729087-04
22	token_blacklist	0003_auto_20171017_2007	2025-10-07 02:59:07.762067-04
23	token_blacklist	0004_auto_20171017_2013	2025-10-07 02:59:07.791046-04
24	token_blacklist	0005_remove_outstandingtoken_jti	2025-10-07 02:59:07.809034-04
25	token_blacklist	0006_auto_20171017_2113	2025-10-07 02:59:07.832021-04
26	token_blacklist	0007_auto_20171017_2214	2025-10-07 02:59:07.893984-04
27	token_blacklist	0008_migrate_to_bigautofield	2025-10-07 02:59:07.99292-04
28	token_blacklist	0010_fix_migrate_to_bigautofield	2025-10-07 02:59:08.047889-04
29	token_blacklist	0011_linearizes_history	2025-10-07 02:59:08.051885-04
30	token_blacklist	0012_alter_outstandingtoken_user	2025-10-07 02:59:08.080869-04
31	token_blacklist	0013_alter_blacklistedtoken_options_and_more	2025-10-07 02:59:08.103852-04
\.


--
-- Data for Name: django_session; Type: TABLE DATA; Schema: public; Owner: postgres
--

COPY public.django_session (session_key, session_data, expire_date) FROM stdin;
\.


--
-- Data for Name: medico_especialidad; Type: TABLE DATA; Schema: public; Owner: postgres
--

COPY public.medico_especialidad (id, especialidad_id, medico_id) FROM stdin;
1	1	4
2	4	4
3	3	5
4	7	5
5	5	6
6	9	6
7	2	7
8	6	8
9	4	8
10	8	9
11	10	10
12	11	11
13	12	11
\.


--
-- Data for Name: token_blacklist_blacklistedtoken; Type: TABLE DATA; Schema: public; Owner: postgres
--

COPY public.token_blacklist_blacklistedtoken (id, blacklisted_at, token_id) FROM stdin;
1	2025-10-07 21:53:15.97626-04	2
2	2025-10-07 23:07:11.971436-04	3
3	2025-10-07 23:11:17.573506-04	5
4	2025-10-08 00:03:20.840993-04	6
5	2025-10-08 00:03:59.900821-04	7
6	2025-10-08 10:09:25.843556-04	8
7	2025-10-08 10:59:58.344887-04	16
\.


--
-- Data for Name: token_blacklist_outstandingtoken; Type: TABLE DATA; Schema: public; Owner: postgres
--

COPY public.token_blacklist_outstandingtoken (id, token, created_at, expires_at, user_id, jti) FROM stdin;
1	eyJhbGciOiJIUzI1NiIsInR5cCI6IkpXVCJ9.eyJ0b2tlbl90eXBlIjoicmVmcmVzaCIsImV4cCI6MTc2MDY4ODIwMywiaWF0IjoxNzU5ODI0MjAzLCJqdGkiOiJjOWQyM2EyNDMzOGM0YWJkYjBkOTI1YzVlMGFiNjlkZCIsInVzZXJfaWQiOiI1In0.uNHXWtXI0VLF15iQJzAscmgrsj1C74KyuDq_iQQvvT4	2025-10-07 04:03:23.922004-04	2025-10-17 04:03:23-04	5	c9d23a24338c4abdb0d925c5e0ab69dd
2	eyJhbGciOiJIUzI1NiIsInR5cCI6IkpXVCJ9.eyJ0b2tlbl90eXBlIjoicmVmcmVzaCIsImV4cCI6MTc2MDY0NjYzNCwiaWF0IjoxNzU5NzgyNjM0LCJqdGkiOiIwNDM1M2ZjY2ViZTI0ZjBkYjVhYTEwOTAwNTc2OGI5NCIsInVzZXJfaWQiOiI2In0.3xPp20cdMqQgAR4XBsZlW6DjeTkTFPb15Q-RtLVaHeY	2025-10-07 21:53:15.789504-04	2025-10-16 16:30:34-04	6	04353fccebe24f0db5aa109005768b94
3	eyJhbGciOiJIUzI1NiIsInR5cCI6IkpXVCJ9.eyJ0b2tlbl90eXBlIjoicmVmcmVzaCIsImV4cCI6MTc2MDc1MjQzMSwiaWF0IjoxNzU5ODg4NDMxLCJqdGkiOiI4ZmNiZTcwZWIxMTM0MTM3YTcxZTNhZGQ0ZjI0ZmM2ZSIsInVzZXJfaWQiOiI2In0.SIWf3az3VIpMy_8_R9g1ZB-NCj0HYUr0P9fFrzau_qc	2025-10-07 21:53:51.184967-04	2025-10-17 21:53:51-04	6	8fcbe70eb1134137a71e3add4f24fc6e
4	eyJhbGciOiJIUzI1NiIsInR5cCI6IkpXVCJ9.eyJ0b2tlbl90eXBlIjoicmVmcmVzaCIsImV4cCI6MTc2MDc1MjQ5NSwiaWF0IjoxNzU5ODg4NDk1LCJqdGkiOiIwOTMyYzUyNDY4MWI0OWRmODAyNmI3MjExMDNmZjRiNCIsInVzZXJfaWQiOiI1In0.mExiwqyeqJv7gjreakMOFIz60gsTYb14_zAZNhGot_8	2025-10-07 21:54:55.791308-04	2025-10-17 21:54:55-04	5	0932c524681b49df8026b721103ff4b4
5	eyJhbGciOiJIUzI1NiIsInR5cCI6IkpXVCJ9.eyJ0b2tlbl90eXBlIjoicmVmcmVzaCIsImV4cCI6MTc2MDc1Njg0MiwiaWF0IjoxNzU5ODkyODQyLCJqdGkiOiI0YmYwODJjMjQxZTQ0MjJmYjg0NDk4NDM1ZTljNjI4ZiIsInVzZXJfaWQiOiIxIn0.cq3OAuPPH7xhL55xt_SNoTXprQu62RvNOThCl22KKh0	2025-10-07 23:07:22.718137-04	2025-10-17 23:07:22-04	1	4bf082c241e4422fb84498435e9c628f
6	eyJhbGciOiJIUzI1NiIsInR5cCI6IkpXVCJ9.eyJ0b2tlbl90eXBlIjoicmVmcmVzaCIsImV4cCI6MTc2MDc1NzA5NCwiaWF0IjoxNzU5ODkzMDk0LCJqdGkiOiJjOTQzNzkyNGY4ZmU0YmY1YTA0NDFjYjExZDMyNDI5NSIsInVzZXJfaWQiOiIxNSJ9.5jSuZ_JGBJUWt57yWU32A9avMjuh5Mnfc7L6ukgbbJs	2025-10-07 23:11:34.495369-04	2025-10-17 23:11:34-04	15	c9437924f8fe4bf5a0441cb11d324295
7	eyJhbGciOiJIUzI1NiIsInR5cCI6IkpXVCJ9.eyJ0b2tlbl90eXBlIjoicmVmcmVzaCIsImV4cCI6MTc2MDc2MDIwOCwiaWF0IjoxNzU5ODk2MjA4LCJqdGkiOiJlMGU0ZjMwMzdmMmM0NWE2OTIyZTUxYWUyNzRmMDAwYiIsInVzZXJfaWQiOiIxIn0.F3D7nTMzg8bNuj-BSsE-lIKfCpIv13iOKSKPs3hT30o	2025-10-08 00:03:28.870482-04	2025-10-18 00:03:28-04	1	e0e4f3037f2c45a6922e51ae274f000b
8	eyJhbGciOiJIUzI1NiIsInR5cCI6IkpXVCJ9.eyJ0b2tlbl90eXBlIjoicmVmcmVzaCIsImV4cCI6MTc2MDc2MDI1MCwiaWF0IjoxNzU5ODk2MjUwLCJqdGkiOiJhODBiZWY2M2VmOGE0NjU1YWY5M2I1ZjI1NGUzOTYzNiIsInVzZXJfaWQiOiI3In0.rKvn9o_Cn1rAkATDrlDrMs-OSufpLv5xphuYO1Ei5Z0	2025-10-08 00:04:10.039085-04	2025-10-18 00:04:10-04	7	a80bef63ef8a4655af93b5f254e39636
9	eyJhbGciOiJIUzI1NiIsInR5cCI6IkpXVCJ9.eyJ0b2tlbl90eXBlIjoicmVmcmVzaCIsImV4cCI6MTc2MDc2MzIwNCwiaWF0IjoxNzU5ODk5MjA0LCJqdGkiOiIxYmJhYzIyOTJiYTI0YmFiYWRhNDI4ODc2YjQxNTc0OCIsInVzZXJfaWQiOiIxIn0.5N4jpPzInwb3y2PuySmK8Vs3jtPk9cfL83QzE03OAVE	2025-10-08 00:53:24.292131-04	2025-10-18 00:53:24-04	1	1bbac2292ba24babada428876b415748
10	eyJhbGciOiJIUzI1NiIsInR5cCI6IkpXVCJ9.eyJ0b2tlbl90eXBlIjoicmVmcmVzaCIsImV4cCI6MTc2MDc2NDEzMSwiaWF0IjoxNzU5OTAwMTMxLCJqdGkiOiJkZTRkMjA2YTQwMWM0MTRmYTE1OTcwZmJhMDc2ZDU3NCIsInVzZXJfaWQiOiIxIn0.rIPbqPfGy4QHk2nJmuzNKZ63tavO4j_1OFVopRvUJmI	2025-10-08 01:08:51.981145-04	2025-10-18 01:08:51-04	1	de4d206a401c414fa15970fba076d574
11	eyJhbGciOiJIUzI1NiIsInR5cCI6IkpXVCJ9.eyJ0b2tlbl90eXBlIjoicmVmcmVzaCIsImV4cCI6MTc2MDc2NTMxOSwiaWF0IjoxNzU5OTAxMzE5LCJqdGkiOiJlNTUzNGZmMDQ5Mjg0ZmI3YTI4NTYxYmVjNDBjOTk3YSIsInVzZXJfaWQiOiI1In0.VAac6XZLPwO_o2tG0yYzmVYxD6Cd-4Ay9qchHP-2vwg	2025-10-08 01:28:39.962757-04	2025-10-18 01:28:39-04	5	e5534ff049284fb7a28561bec40c997a
12	eyJhbGciOiJIUzI1NiIsInR5cCI6IkpXVCJ9.eyJ0b2tlbl90eXBlIjoicmVmcmVzaCIsImV4cCI6MTc2MDc2NTMyNiwiaWF0IjoxNzU5OTAxMzI2LCJqdGkiOiIzY2U2NzQxMzRmODU0YzQ4YTE2YjQyMTJjZTkyMTMxYSIsInVzZXJfaWQiOiIxIn0.u7ovvVbOoux60BJKUldublB1wIS1tI5Wl5DlncWOPro	2025-10-08 01:28:46.033201-04	2025-10-18 01:28:46-04	1	3ce674134f854c48a16b4212ce92131a
13	eyJhbGciOiJIUzI1NiIsInR5cCI6IkpXVCJ9.eyJ0b2tlbl90eXBlIjoicmVmcmVzaCIsImV4cCI6MTc2MDc2NTM3MiwiaWF0IjoxNzU5OTAxMzcyLCJqdGkiOiI3MjIzMDNkYWZmZTg0MTk2ODRmYmMwZmI4YjIzOTA2MiIsInVzZXJfaWQiOiI1In0.Euvr6bCWfPX-Nmk2JE3_tl8-Pexq8GIp4_9gNuQCmng	2025-10-08 01:29:32.221821-04	2025-10-18 01:29:32-04	5	722303daffe8419684fbc0fb8b239062
14	eyJhbGciOiJIUzI1NiIsInR5cCI6IkpXVCJ9.eyJ0b2tlbl90eXBlIjoicmVmcmVzaCIsImV4cCI6MTc2MDc2NTM3NywiaWF0IjoxNzU5OTAxMzc3LCJqdGkiOiIxODgzMDRiYmYzYjM0MTBlYWVlYTRmZjBhZDZjMjQwOCIsInVzZXJfaWQiOiIxNCJ9.UnAigUtDEtPgFgmYJzbeXtQzOscMyg_E-mxfkkDjAVk	2025-10-08 01:29:37.585017-04	2025-10-18 01:29:37-04	14	188304bbf3b3410eaeea4ff0ad6c2408
15	eyJhbGciOiJIUzI1NiIsInR5cCI6IkpXVCJ9.eyJ0b2tlbl90eXBlIjoicmVmcmVzaCIsImV4cCI6MTc2MDc2NTM4MywiaWF0IjoxNzU5OTAxMzgzLCJqdGkiOiI2MGIxZmE0ZjhhYTM0ZTgwOGIyNGRmZmU1OTE2Mzc1NyIsInVzZXJfaWQiOiIxIn0.P2mZIHtPWQUdIbza0jeZ0JMMpQaQWqmTL7sH9UWR9i0	2025-10-08 01:29:43.532271-04	2025-10-18 01:29:43-04	1	60b1fa4f8aa34e808b24dffe59163757
16	eyJhbGciOiJIUzI1NiIsInR5cCI6IkpXVCJ9.eyJ0b2tlbl90eXBlIjoicmVmcmVzaCIsImV4cCI6MTc2MDc5NjYwOSwiaWF0IjoxNzU5OTMyNjA5LCJqdGkiOiI5ZTI3ZWFlYzkwOWQ0NTkwOTM2YTYzOTExZjUxOTYzNyIsInVzZXJfaWQiOiI0In0.2L_Q0VX95dkC8058bAYA_43hJz9pTYQ_hwL-0lKrsp8	2025-10-08 10:10:09.67371-04	2025-10-18 10:10:09-04	4	9e27eaec909d4590936a63911f519637
17	eyJhbGciOiJIUzI1NiIsInR5cCI6IkpXVCJ9.eyJ0b2tlbl90eXBlIjoicmVmcmVzaCIsImV4cCI6MTc2MDc5OTUwMSwiaWF0IjoxNzU5OTM1NTAxLCJqdGkiOiIyNzhkNTI4OTZmNjM0YjE5OTg5OWRiMTVhOTQwODZjYiIsInVzZXJfaWQiOiIxIn0._C2MelcgM4B8Q7E21UAUcj43dwIVmcdT3B4uY7_gtO4	2025-10-08 10:58:21.600363-04	2025-10-18 10:58:21-04	1	278d52896f634b199899db15a94086cb
18	eyJhbGciOiJIUzI1NiIsInR5cCI6IkpXVCJ9.eyJ0b2tlbl90eXBlIjoicmVmcmVzaCIsImV4cCI6MTc2MDc5OTYzNCwiaWF0IjoxNzU5OTM1NjM0LCJqdGkiOiI3NzFhM2IxMzYyMTU0OGZiYjFmODY4ZDI0Y2FiNmRlOSIsInVzZXJfaWQiOiIxIn0.4v2nwMdo87KqEQdn2bD7YL9yWsgg2MiTjPqUmuEcRSI	2025-10-08 11:00:34.564475-04	2025-10-18 11:00:34-04	1	771a3b13621548fbb1f868d24cab6de9
19	eyJhbGciOiJIUzI1NiIsInR5cCI6IkpXVCJ9.eyJ0b2tlbl90eXBlIjoicmVmcmVzaCIsImV4cCI6MTc2MDgwMTk5NSwiaWF0IjoxNzU5OTM3OTk1LCJqdGkiOiJmNTQxNzQ4ODZjZjI0ZWZlYjk2ZDA3NDFmMWZkZWQwNyIsInVzZXJfaWQiOiIxIn0.OFFZ74xWtJF5VMd7OJCqO_UEct9AIu7mdkbB0t_8qME	2025-10-08 11:39:55.679666-04	2025-10-18 11:39:55-04	1	f54174886cf24efeb96d0741f1fded07
\.


--
-- Name: auth_group_id_seq; Type: SEQUENCE SET; Schema: public; Owner: postgres
--

SELECT pg_catalog.setval('public.auth_group_id_seq', 1, false);


--
-- Name: auth_group_permissions_id_seq; Type: SEQUENCE SET; Schema: public; Owner: postgres
--

SELECT pg_catalog.setval('public.auth_group_permissions_id_seq', 1, false);


--
-- Name: auth_permission_id_seq; Type: SEQUENCE SET; Schema: public; Owner: postgres
--

SELECT pg_catalog.setval('public.auth_permission_id_seq', 100, true);


--
-- Name: core_agendacita_id_seq; Type: SEQUENCE SET; Schema: public; Owner: postgres
--

SELECT pg_catalog.setval('public.core_agendacita_id_seq', 22, true);


--
-- Name: core_auto_id_seq; Type: SEQUENCE SET; Schema: public; Owner: postgres
--

SELECT pg_catalog.setval('public.core_auto_id_seq', 1, false);


--
-- Name: core_bitacora_id_seq; Type: SEQUENCE SET; Schema: public; Owner: postgres
--

SELECT pg_catalog.setval('public.core_bitacora_id_seq', 12, true);


--
-- Name: core_componenteui_id_seq; Type: SEQUENCE SET; Schema: public; Owner: postgres
--

SELECT pg_catalog.setval('public.core_componenteui_id_seq', 23, true);


--
-- Name: core_consulta_id_seq; Type: SEQUENCE SET; Schema: public; Owner: postgres
--

SELECT pg_catalog.setval('public.core_consulta_id_seq', 3, true);


--
-- Name: core_especialidad_id_seq; Type: SEQUENCE SET; Schema: public; Owner: postgres
--

SELECT pg_catalog.setval('public.core_especialidad_id_seq', 12, true);


--
-- Name: core_historiaclinica_id_seq; Type: SEQUENCE SET; Schema: public; Owner: postgres
--

SELECT pg_catalog.setval('public.core_historiaclinica_id_seq', 8, true);


--
-- Name: core_horariomedico_id_seq; Type: SEQUENCE SET; Schema: public; Owner: postgres
--

SELECT pg_catalog.setval('public.core_horariomedico_id_seq', 50, true);


--
-- Name: core_permiso_id_seq; Type: SEQUENCE SET; Schema: public; Owner: postgres
--

SELECT pg_catalog.setval('public.core_permiso_id_seq', 14, true);


--
-- Name: core_permisocomponente_id_seq; Type: SEQUENCE SET; Schema: public; Owner: postgres
--

SELECT pg_catalog.setval('public.core_permisocomponente_id_seq', 25, true);


--
-- Name: core_registrobackup_id_seq; Type: SEQUENCE SET; Schema: public; Owner: postgres
--

SELECT pg_catalog.setval('public.core_registrobackup_id_seq', 9, true);


--
-- Name: core_rol_id_seq; Type: SEQUENCE SET; Schema: public; Owner: postgres
--

SELECT pg_catalog.setval('public.core_rol_id_seq', 3, true);


--
-- Name: core_rol_permisos_id_seq; Type: SEQUENCE SET; Schema: public; Owner: postgres
--

SELECT pg_catalog.setval('public.core_rol_permisos_id_seq', 23, true);


--
-- Name: core_tipocomponente_id_seq; Type: SEQUENCE SET; Schema: public; Owner: postgres
--

SELECT pg_catalog.setval('public.core_tipocomponente_id_seq', 6, true);


--
-- Name: core_usuario_groups_id_seq; Type: SEQUENCE SET; Schema: public; Owner: postgres
--

SELECT pg_catalog.setval('public.core_usuario_groups_id_seq', 1, false);


--
-- Name: core_usuario_id_seq; Type: SEQUENCE SET; Schema: public; Owner: postgres
--

SELECT pg_catalog.setval('public.core_usuario_id_seq', 19, true);


--
-- Name: core_usuario_user_permissions_id_seq; Type: SEQUENCE SET; Schema: public; Owner: postgres
--

SELECT pg_catalog.setval('public.core_usuario_user_permissions_id_seq', 1, false);


--
-- Name: django_admin_log_id_seq; Type: SEQUENCE SET; Schema: public; Owner: postgres
--

SELECT pg_catalog.setval('public.django_admin_log_id_seq', 1, false);


--
-- Name: django_content_type_id_seq; Type: SEQUENCE SET; Schema: public; Owner: postgres
--

SELECT pg_catalog.setval('public.django_content_type_id_seq', 25, true);


--
-- Name: django_migrations_id_seq; Type: SEQUENCE SET; Schema: public; Owner: postgres
--

SELECT pg_catalog.setval('public.django_migrations_id_seq', 31, true);


--
-- Name: medico_especialidad_id_seq; Type: SEQUENCE SET; Schema: public; Owner: postgres
--

SELECT pg_catalog.setval('public.medico_especialidad_id_seq', 13, true);


--
-- Name: token_blacklist_blacklistedtoken_id_seq; Type: SEQUENCE SET; Schema: public; Owner: postgres
--

SELECT pg_catalog.setval('public.token_blacklist_blacklistedtoken_id_seq', 7, true);


--
-- Name: token_blacklist_outstandingtoken_id_seq; Type: SEQUENCE SET; Schema: public; Owner: postgres
--

SELECT pg_catalog.setval('public.token_blacklist_outstandingtoken_id_seq', 19, true);


--
-- Name: auth_group auth_group_name_key; Type: CONSTRAINT; Schema: public; Owner: postgres
--

ALTER TABLE ONLY public.auth_group
    ADD CONSTRAINT auth_group_name_key UNIQUE (name);


--
-- Name: auth_group_permissions auth_group_permissions_group_id_permission_id_0cd325b0_uniq; Type: CONSTRAINT; Schema: public; Owner: postgres
--

ALTER TABLE ONLY public.auth_group_permissions
    ADD CONSTRAINT auth_group_permissions_group_id_permission_id_0cd325b0_uniq UNIQUE (group_id, permission_id);


--
-- Name: auth_group_permissions auth_group_permissions_pkey; Type: CONSTRAINT; Schema: public; Owner: postgres
--

ALTER TABLE ONLY public.auth_group_permissions
    ADD CONSTRAINT auth_group_permissions_pkey PRIMARY KEY (id);


--
-- Name: auth_group auth_group_pkey; Type: CONSTRAINT; Schema: public; Owner: postgres
--

ALTER TABLE ONLY public.auth_group
    ADD CONSTRAINT auth_group_pkey PRIMARY KEY (id);


--
-- Name: auth_permission auth_permission_content_type_id_codename_01ab375a_uniq; Type: CONSTRAINT; Schema: public; Owner: postgres
--

ALTER TABLE ONLY public.auth_permission
    ADD CONSTRAINT auth_permission_content_type_id_codename_01ab375a_uniq UNIQUE (content_type_id, codename);


--
-- Name: auth_permission auth_permission_pkey; Type: CONSTRAINT; Schema: public; Owner: postgres
--

ALTER TABLE ONLY public.auth_permission
    ADD CONSTRAINT auth_permission_pkey PRIMARY KEY (id);


--
-- Name: core_administrador core_administrador_pkey; Type: CONSTRAINT; Schema: public; Owner: postgres
--

ALTER TABLE ONLY public.core_administrador
    ADD CONSTRAINT core_administrador_pkey PRIMARY KEY (usuario_id);


--
-- Name: core_agendacita core_agendacita_pkey; Type: CONSTRAINT; Schema: public; Owner: postgres
--

ALTER TABLE ONLY public.core_agendacita
    ADD CONSTRAINT core_agendacita_pkey PRIMARY KEY (id);


--
-- Name: core_auto core_auto_pkey; Type: CONSTRAINT; Schema: public; Owner: postgres
--

ALTER TABLE ONLY public.core_auto
    ADD CONSTRAINT core_auto_pkey PRIMARY KEY (id);


--
-- Name: core_bitacora core_bitacora_pkey; Type: CONSTRAINT; Schema: public; Owner: postgres
--

ALTER TABLE ONLY public.core_bitacora
    ADD CONSTRAINT core_bitacora_pkey PRIMARY KEY (id);


--
-- Name: core_componenteui core_componenteui_codigo_componente_key; Type: CONSTRAINT; Schema: public; Owner: postgres
--

ALTER TABLE ONLY public.core_componenteui
    ADD CONSTRAINT core_componenteui_codigo_componente_key UNIQUE (codigo_componente);


--
-- Name: core_componenteui core_componenteui_pkey; Type: CONSTRAINT; Schema: public; Owner: postgres
--

ALTER TABLE ONLY public.core_componenteui
    ADD CONSTRAINT core_componenteui_pkey PRIMARY KEY (id);


--
-- Name: core_consulta core_consulta_pkey; Type: CONSTRAINT; Schema: public; Owner: postgres
--

ALTER TABLE ONLY public.core_consulta
    ADD CONSTRAINT core_consulta_pkey PRIMARY KEY (id);


--
-- Name: core_especialidad core_especialidad_codigo_key; Type: CONSTRAINT; Schema: public; Owner: postgres
--

ALTER TABLE ONLY public.core_especialidad
    ADD CONSTRAINT core_especialidad_codigo_key UNIQUE (codigo);


--
-- Name: core_especialidad core_especialidad_nombre_key; Type: CONSTRAINT; Schema: public; Owner: postgres
--

ALTER TABLE ONLY public.core_especialidad
    ADD CONSTRAINT core_especialidad_nombre_key UNIQUE (nombre);


--
-- Name: core_especialidad core_especialidad_pkey; Type: CONSTRAINT; Schema: public; Owner: postgres
--

ALTER TABLE ONLY public.core_especialidad
    ADD CONSTRAINT core_especialidad_pkey PRIMARY KEY (id);


--
-- Name: core_historiaclinica core_historiaclinica_pkey; Type: CONSTRAINT; Schema: public; Owner: postgres
--

ALTER TABLE ONLY public.core_historiaclinica
    ADD CONSTRAINT core_historiaclinica_pkey PRIMARY KEY (id);


--
-- Name: core_horariomedico core_horariomedico_medico_especialidad_id_d_a3174c46_uniq; Type: CONSTRAINT; Schema: public; Owner: postgres
--

ALTER TABLE ONLY public.core_horariomedico
    ADD CONSTRAINT core_horariomedico_medico_especialidad_id_d_a3174c46_uniq UNIQUE (medico_especialidad_id, dia_semana, hora_inicio, hora_fin);


--
-- Name: core_horariomedico core_horariomedico_pkey; Type: CONSTRAINT; Schema: public; Owner: postgres
--

ALTER TABLE ONLY public.core_horariomedico
    ADD CONSTRAINT core_horariomedico_pkey PRIMARY KEY (id);


--
-- Name: core_medico core_medico_numero_licencia_key; Type: CONSTRAINT; Schema: public; Owner: postgres
--

ALTER TABLE ONLY public.core_medico
    ADD CONSTRAINT core_medico_numero_licencia_key UNIQUE (numero_licencia);


--
-- Name: core_medico core_medico_pkey; Type: CONSTRAINT; Schema: public; Owner: postgres
--

ALTER TABLE ONLY public.core_medico
    ADD CONSTRAINT core_medico_pkey PRIMARY KEY (usuario_id);


--
-- Name: core_paciente core_paciente_pkey; Type: CONSTRAINT; Schema: public; Owner: postgres
--

ALTER TABLE ONLY public.core_paciente
    ADD CONSTRAINT core_paciente_pkey PRIMARY KEY (usuario_id);


--
-- Name: core_permiso core_permiso_codigo_key; Type: CONSTRAINT; Schema: public; Owner: postgres
--

ALTER TABLE ONLY public.core_permiso
    ADD CONSTRAINT core_permiso_codigo_key UNIQUE (codigo);


--
-- Name: core_permiso core_permiso_nombre_key; Type: CONSTRAINT; Schema: public; Owner: postgres
--

ALTER TABLE ONLY public.core_permiso
    ADD CONSTRAINT core_permiso_nombre_key UNIQUE (nombre);


--
-- Name: core_permiso core_permiso_pkey; Type: CONSTRAINT; Schema: public; Owner: postgres
--

ALTER TABLE ONLY public.core_permiso
    ADD CONSTRAINT core_permiso_pkey PRIMARY KEY (id);


--
-- Name: core_permisocomponente core_permisocomponente_permiso_id_componente_id_05d6cc9e_uniq; Type: CONSTRAINT; Schema: public; Owner: postgres
--

ALTER TABLE ONLY public.core_permisocomponente
    ADD CONSTRAINT core_permisocomponente_permiso_id_componente_id_05d6cc9e_uniq UNIQUE (permiso_id, componente_id, accion_permitida);


--
-- Name: core_permisocomponente core_permisocomponente_pkey; Type: CONSTRAINT; Schema: public; Owner: postgres
--

ALTER TABLE ONLY public.core_permisocomponente
    ADD CONSTRAINT core_permisocomponente_pkey PRIMARY KEY (id);


--
-- Name: core_registrobackup core_registrobackup_pkey; Type: CONSTRAINT; Schema: public; Owner: postgres
--

ALTER TABLE ONLY public.core_registrobackup
    ADD CONSTRAINT core_registrobackup_pkey PRIMARY KEY (id);


--
-- Name: core_rol core_rol_nombre_rol_key; Type: CONSTRAINT; Schema: public; Owner: postgres
--

ALTER TABLE ONLY public.core_rol
    ADD CONSTRAINT core_rol_nombre_rol_key UNIQUE (nombre_rol);


--
-- Name: core_rol_permisos core_rol_permisos_pkey; Type: CONSTRAINT; Schema: public; Owner: postgres
--

ALTER TABLE ONLY public.core_rol_permisos
    ADD CONSTRAINT core_rol_permisos_pkey PRIMARY KEY (id);


--
-- Name: core_rol_permisos core_rol_permisos_rol_id_permiso_id_a3a76e2a_uniq; Type: CONSTRAINT; Schema: public; Owner: postgres
--

ALTER TABLE ONLY public.core_rol_permisos
    ADD CONSTRAINT core_rol_permisos_rol_id_permiso_id_a3a76e2a_uniq UNIQUE (rol_id, permiso_id);


--
-- Name: core_rol core_rol_pkey; Type: CONSTRAINT; Schema: public; Owner: postgres
--

ALTER TABLE ONLY public.core_rol
    ADD CONSTRAINT core_rol_pkey PRIMARY KEY (id);


--
-- Name: core_tipocomponente core_tipocomponente_nombre_key; Type: CONSTRAINT; Schema: public; Owner: postgres
--

ALTER TABLE ONLY public.core_tipocomponente
    ADD CONSTRAINT core_tipocomponente_nombre_key UNIQUE (nombre);


--
-- Name: core_tipocomponente core_tipocomponente_pkey; Type: CONSTRAINT; Schema: public; Owner: postgres
--

ALTER TABLE ONLY public.core_tipocomponente
    ADD CONSTRAINT core_tipocomponente_pkey PRIMARY KEY (id);


--
-- Name: core_usuario core_usuario_email_key; Type: CONSTRAINT; Schema: public; Owner: postgres
--

ALTER TABLE ONLY public.core_usuario
    ADD CONSTRAINT core_usuario_email_key UNIQUE (email);


--
-- Name: core_usuario_groups core_usuario_groups_pkey; Type: CONSTRAINT; Schema: public; Owner: postgres
--

ALTER TABLE ONLY public.core_usuario_groups
    ADD CONSTRAINT core_usuario_groups_pkey PRIMARY KEY (id);


--
-- Name: core_usuario_groups core_usuario_groups_usuario_id_group_id_bde3c750_uniq; Type: CONSTRAINT; Schema: public; Owner: postgres
--

ALTER TABLE ONLY public.core_usuario_groups
    ADD CONSTRAINT core_usuario_groups_usuario_id_group_id_bde3c750_uniq UNIQUE (usuario_id, group_id);


--
-- Name: core_usuario core_usuario_pkey; Type: CONSTRAINT; Schema: public; Owner: postgres
--

ALTER TABLE ONLY public.core_usuario
    ADD CONSTRAINT core_usuario_pkey PRIMARY KEY (id);


--
-- Name: core_usuario_user_permissions core_usuario_user_permis_usuario_id_permission_id_7a048d24_uniq; Type: CONSTRAINT; Schema: public; Owner: postgres
--

ALTER TABLE ONLY public.core_usuario_user_permissions
    ADD CONSTRAINT core_usuario_user_permis_usuario_id_permission_id_7a048d24_uniq UNIQUE (usuario_id, permission_id);


--
-- Name: core_usuario_user_permissions core_usuario_user_permissions_pkey; Type: CONSTRAINT; Schema: public; Owner: postgres
--

ALTER TABLE ONLY public.core_usuario_user_permissions
    ADD CONSTRAINT core_usuario_user_permissions_pkey PRIMARY KEY (id);


--
-- Name: django_admin_log django_admin_log_pkey; Type: CONSTRAINT; Schema: public; Owner: postgres
--

ALTER TABLE ONLY public.django_admin_log
    ADD CONSTRAINT django_admin_log_pkey PRIMARY KEY (id);


--
-- Name: django_content_type django_content_type_app_label_model_76bd3d3b_uniq; Type: CONSTRAINT; Schema: public; Owner: postgres
--

ALTER TABLE ONLY public.django_content_type
    ADD CONSTRAINT django_content_type_app_label_model_76bd3d3b_uniq UNIQUE (app_label, model);


--
-- Name: django_content_type django_content_type_pkey; Type: CONSTRAINT; Schema: public; Owner: postgres
--

ALTER TABLE ONLY public.django_content_type
    ADD CONSTRAINT django_content_type_pkey PRIMARY KEY (id);


--
-- Name: django_migrations django_migrations_pkey; Type: CONSTRAINT; Schema: public; Owner: postgres
--

ALTER TABLE ONLY public.django_migrations
    ADD CONSTRAINT django_migrations_pkey PRIMARY KEY (id);


--
-- Name: django_session django_session_pkey; Type: CONSTRAINT; Schema: public; Owner: postgres
--

ALTER TABLE ONLY public.django_session
    ADD CONSTRAINT django_session_pkey PRIMARY KEY (session_key);


--
-- Name: medico_especialidad medico_especialidad_medico_id_especialidad_id_254b8e8d_uniq; Type: CONSTRAINT; Schema: public; Owner: postgres
--

ALTER TABLE ONLY public.medico_especialidad
    ADD CONSTRAINT medico_especialidad_medico_id_especialidad_id_254b8e8d_uniq UNIQUE (medico_id, especialidad_id);


--
-- Name: medico_especialidad medico_especialidad_pkey; Type: CONSTRAINT; Schema: public; Owner: postgres
--

ALTER TABLE ONLY public.medico_especialidad
    ADD CONSTRAINT medico_especialidad_pkey PRIMARY KEY (id);


--
-- Name: token_blacklist_blacklistedtoken token_blacklist_blacklistedtoken_pkey; Type: CONSTRAINT; Schema: public; Owner: postgres
--

ALTER TABLE ONLY public.token_blacklist_blacklistedtoken
    ADD CONSTRAINT token_blacklist_blacklistedtoken_pkey PRIMARY KEY (id);


--
-- Name: token_blacklist_blacklistedtoken token_blacklist_blacklistedtoken_token_id_key; Type: CONSTRAINT; Schema: public; Owner: postgres
--

ALTER TABLE ONLY public.token_blacklist_blacklistedtoken
    ADD CONSTRAINT token_blacklist_blacklistedtoken_token_id_key UNIQUE (token_id);


--
-- Name: token_blacklist_outstandingtoken token_blacklist_outstandingtoken_jti_hex_d9bdf6f7_uniq; Type: CONSTRAINT; Schema: public; Owner: postgres
--

ALTER TABLE ONLY public.token_blacklist_outstandingtoken
    ADD CONSTRAINT token_blacklist_outstandingtoken_jti_hex_d9bdf6f7_uniq UNIQUE (jti);


--
-- Name: token_blacklist_outstandingtoken token_blacklist_outstandingtoken_pkey; Type: CONSTRAINT; Schema: public; Owner: postgres
--

ALTER TABLE ONLY public.token_blacklist_outstandingtoken
    ADD CONSTRAINT token_blacklist_outstandingtoken_pkey PRIMARY KEY (id);


--
-- Name: auth_group_name_a6ea08ec_like; Type: INDEX; Schema: public; Owner: postgres
--

CREATE INDEX auth_group_name_a6ea08ec_like ON public.auth_group USING btree (name varchar_pattern_ops);


--
-- Name: auth_group_permissions_group_id_b120cbf9; Type: INDEX; Schema: public; Owner: postgres
--

CREATE INDEX auth_group_permissions_group_id_b120cbf9 ON public.auth_group_permissions USING btree (group_id);


--
-- Name: auth_group_permissions_permission_id_84c5c92e; Type: INDEX; Schema: public; Owner: postgres
--

CREATE INDEX auth_group_permissions_permission_id_84c5c92e ON public.auth_group_permissions USING btree (permission_id);


--
-- Name: auth_permission_content_type_id_2f476e4b; Type: INDEX; Schema: public; Owner: postgres
--

CREATE INDEX auth_permission_content_type_id_2f476e4b ON public.auth_permission USING btree (content_type_id);


--
-- Name: core_agendacita_medico_especialidad_id_11a3f618; Type: INDEX; Schema: public; Owner: postgres
--

CREATE INDEX core_agendacita_medico_especialidad_id_11a3f618 ON public.core_agendacita USING btree (medico_especialidad_id);


--
-- Name: core_agendacita_paciente_id_79e52c47; Type: INDEX; Schema: public; Owner: postgres
--

CREATE INDEX core_agendacita_paciente_id_79e52c47 ON public.core_agendacita USING btree (paciente_id);


--
-- Name: core_bitacora_usuario_id_69ea33d6; Type: INDEX; Schema: public; Owner: postgres
--

CREATE INDEX core_bitacora_usuario_id_69ea33d6 ON public.core_bitacora USING btree (usuario_id);


--
-- Name: core_componenteui_codigo_componente_2f5cac14_like; Type: INDEX; Schema: public; Owner: postgres
--

CREATE INDEX core_componenteui_codigo_componente_2f5cac14_like ON public.core_componenteui USING btree (codigo_componente varchar_pattern_ops);


--
-- Name: core_componenteui_tipo_componente_id_062a22f1; Type: INDEX; Schema: public; Owner: postgres
--

CREATE INDEX core_componenteui_tipo_componente_id_062a22f1 ON public.core_componenteui USING btree (tipo_componente_id);


--
-- Name: core_consulta_historia_clinica_id_29d238b7; Type: INDEX; Schema: public; Owner: postgres
--

CREATE INDEX core_consulta_historia_clinica_id_29d238b7 ON public.core_consulta USING btree (historia_clinica_id);


--
-- Name: core_consulta_medico_id_9ccdc56f; Type: INDEX; Schema: public; Owner: postgres
--

CREATE INDEX core_consulta_medico_id_9ccdc56f ON public.core_consulta USING btree (medico_id);


--
-- Name: core_especialidad_codigo_d462cf6f_like; Type: INDEX; Schema: public; Owner: postgres
--

CREATE INDEX core_especialidad_codigo_d462cf6f_like ON public.core_especialidad USING btree (codigo varchar_pattern_ops);


--
-- Name: core_especialidad_nombre_5c573dd5_like; Type: INDEX; Schema: public; Owner: postgres
--

CREATE INDEX core_especialidad_nombre_5c573dd5_like ON public.core_especialidad USING btree (nombre varchar_pattern_ops);


--
-- Name: core_historiaclinica_paciente_id_dd8f14d9; Type: INDEX; Schema: public; Owner: postgres
--

CREATE INDEX core_historiaclinica_paciente_id_dd8f14d9 ON public.core_historiaclinica USING btree (paciente_id);


--
-- Name: core_horariomedico_medico_especialidad_id_b83c0a82; Type: INDEX; Schema: public; Owner: postgres
--

CREATE INDEX core_horariomedico_medico_especialidad_id_b83c0a82 ON public.core_horariomedico USING btree (medico_especialidad_id);


--
-- Name: core_medico_numero_licencia_a788c5a4_like; Type: INDEX; Schema: public; Owner: postgres
--

CREATE INDEX core_medico_numero_licencia_a788c5a4_like ON public.core_medico USING btree (numero_licencia varchar_pattern_ops);


--
-- Name: core_permiso_codigo_d0a58fa5_like; Type: INDEX; Schema: public; Owner: postgres
--

CREATE INDEX core_permiso_codigo_d0a58fa5_like ON public.core_permiso USING btree (codigo varchar_pattern_ops);


--
-- Name: core_permiso_nombre_c88efb4a_like; Type: INDEX; Schema: public; Owner: postgres
--

CREATE INDEX core_permiso_nombre_c88efb4a_like ON public.core_permiso USING btree (nombre varchar_pattern_ops);


--
-- Name: core_permisocomponente_componente_id_bc96578c; Type: INDEX; Schema: public; Owner: postgres
--

CREATE INDEX core_permisocomponente_componente_id_bc96578c ON public.core_permisocomponente USING btree (componente_id);


--
-- Name: core_permisocomponente_permiso_id_84addb2f; Type: INDEX; Schema: public; Owner: postgres
--

CREATE INDEX core_permisocomponente_permiso_id_84addb2f ON public.core_permisocomponente USING btree (permiso_id);


--
-- Name: core_registrobackup_usuario_responsable_id_fc941856; Type: INDEX; Schema: public; Owner: postgres
--

CREATE INDEX core_registrobackup_usuario_responsable_id_fc941856 ON public.core_registrobackup USING btree (usuario_responsable_id);


--
-- Name: core_rol_nombre_rol_bcefeaea_like; Type: INDEX; Schema: public; Owner: postgres
--

CREATE INDEX core_rol_nombre_rol_bcefeaea_like ON public.core_rol USING btree (nombre_rol varchar_pattern_ops);


--
-- Name: core_rol_permisos_permiso_id_44c4157f; Type: INDEX; Schema: public; Owner: postgres
--

CREATE INDEX core_rol_permisos_permiso_id_44c4157f ON public.core_rol_permisos USING btree (permiso_id);


--
-- Name: core_rol_permisos_rol_id_54efac87; Type: INDEX; Schema: public; Owner: postgres
--

CREATE INDEX core_rol_permisos_rol_id_54efac87 ON public.core_rol_permisos USING btree (rol_id);


--
-- Name: core_tipocomponente_nombre_ead79baa_like; Type: INDEX; Schema: public; Owner: postgres
--

CREATE INDEX core_tipocomponente_nombre_ead79baa_like ON public.core_tipocomponente USING btree (nombre varchar_pattern_ops);


--
-- Name: core_usuario_email_cd66aaca_like; Type: INDEX; Schema: public; Owner: postgres
--

CREATE INDEX core_usuario_email_cd66aaca_like ON public.core_usuario USING btree (email varchar_pattern_ops);


--
-- Name: core_usuario_groups_group_id_55312a9a; Type: INDEX; Schema: public; Owner: postgres
--

CREATE INDEX core_usuario_groups_group_id_55312a9a ON public.core_usuario_groups USING btree (group_id);


--
-- Name: core_usuario_groups_usuario_id_97385234; Type: INDEX; Schema: public; Owner: postgres
--

CREATE INDEX core_usuario_groups_usuario_id_97385234 ON public.core_usuario_groups USING btree (usuario_id);


--
-- Name: core_usuario_id_rol_id_45a17480; Type: INDEX; Schema: public; Owner: postgres
--

CREATE INDEX core_usuario_id_rol_id_45a17480 ON public.core_usuario USING btree (id_rol_id);


--
-- Name: core_usuario_user_permissions_permission_id_7f881653; Type: INDEX; Schema: public; Owner: postgres
--

CREATE INDEX core_usuario_user_permissions_permission_id_7f881653 ON public.core_usuario_user_permissions USING btree (permission_id);


--
-- Name: core_usuario_user_permissions_usuario_id_ce4108a7; Type: INDEX; Schema: public; Owner: postgres
--

CREATE INDEX core_usuario_user_permissions_usuario_id_ce4108a7 ON public.core_usuario_user_permissions USING btree (usuario_id);


--
-- Name: django_admin_log_content_type_id_c4bce8eb; Type: INDEX; Schema: public; Owner: postgres
--

CREATE INDEX django_admin_log_content_type_id_c4bce8eb ON public.django_admin_log USING btree (content_type_id);


--
-- Name: django_admin_log_user_id_c564eba6; Type: INDEX; Schema: public; Owner: postgres
--

CREATE INDEX django_admin_log_user_id_c564eba6 ON public.django_admin_log USING btree (user_id);


--
-- Name: django_session_expire_date_a5c62663; Type: INDEX; Schema: public; Owner: postgres
--

CREATE INDEX django_session_expire_date_a5c62663 ON public.django_session USING btree (expire_date);


--
-- Name: django_session_session_key_c0390e0f_like; Type: INDEX; Schema: public; Owner: postgres
--

CREATE INDEX django_session_session_key_c0390e0f_like ON public.django_session USING btree (session_key varchar_pattern_ops);


--
-- Name: medico_especialidad_especialidad_id_0d7790fc; Type: INDEX; Schema: public; Owner: postgres
--

CREATE INDEX medico_especialidad_especialidad_id_0d7790fc ON public.medico_especialidad USING btree (especialidad_id);


--
-- Name: medico_especialidad_medico_id_fe43b099; Type: INDEX; Schema: public; Owner: postgres
--

CREATE INDEX medico_especialidad_medico_id_fe43b099 ON public.medico_especialidad USING btree (medico_id);


--
-- Name: token_blacklist_outstandingtoken_jti_hex_d9bdf6f7_like; Type: INDEX; Schema: public; Owner: postgres
--

CREATE INDEX token_blacklist_outstandingtoken_jti_hex_d9bdf6f7_like ON public.token_blacklist_outstandingtoken USING btree (jti varchar_pattern_ops);


--
-- Name: token_blacklist_outstandingtoken_user_id_83bc629a; Type: INDEX; Schema: public; Owner: postgres
--

CREATE INDEX token_blacklist_outstandingtoken_user_id_83bc629a ON public.token_blacklist_outstandingtoken USING btree (user_id);


--
-- Name: unique_paciente_activo; Type: INDEX; Schema: public; Owner: postgres
--

CREATE UNIQUE INDEX unique_paciente_activo ON public.core_historiaclinica USING btree (paciente_id, activo) WHERE activo;


--
-- Name: auth_group_permissions auth_group_permissio_permission_id_84c5c92e_fk_auth_perm; Type: FK CONSTRAINT; Schema: public; Owner: postgres
--

ALTER TABLE ONLY public.auth_group_permissions
    ADD CONSTRAINT auth_group_permissio_permission_id_84c5c92e_fk_auth_perm FOREIGN KEY (permission_id) REFERENCES public.auth_permission(id) DEFERRABLE INITIALLY DEFERRED;


--
-- Name: auth_group_permissions auth_group_permissions_group_id_b120cbf9_fk_auth_group_id; Type: FK CONSTRAINT; Schema: public; Owner: postgres
--

ALTER TABLE ONLY public.auth_group_permissions
    ADD CONSTRAINT auth_group_permissions_group_id_b120cbf9_fk_auth_group_id FOREIGN KEY (group_id) REFERENCES public.auth_group(id) DEFERRABLE INITIALLY DEFERRED;


--
-- Name: auth_permission auth_permission_content_type_id_2f476e4b_fk_django_co; Type: FK CONSTRAINT; Schema: public; Owner: postgres
--

ALTER TABLE ONLY public.auth_permission
    ADD CONSTRAINT auth_permission_content_type_id_2f476e4b_fk_django_co FOREIGN KEY (content_type_id) REFERENCES public.django_content_type(id) DEFERRABLE INITIALLY DEFERRED;


--
-- Name: core_administrador core_administrador_usuario_id_a262e15c_fk_core_usuario_id; Type: FK CONSTRAINT; Schema: public; Owner: postgres
--

ALTER TABLE ONLY public.core_administrador
    ADD CONSTRAINT core_administrador_usuario_id_a262e15c_fk_core_usuario_id FOREIGN KEY (usuario_id) REFERENCES public.core_usuario(id) DEFERRABLE INITIALLY DEFERRED;


--
-- Name: core_agendacita core_agendacita_medico_especialidad__11a3f618_fk_medico_es; Type: FK CONSTRAINT; Schema: public; Owner: postgres
--

ALTER TABLE ONLY public.core_agendacita
    ADD CONSTRAINT core_agendacita_medico_especialidad__11a3f618_fk_medico_es FOREIGN KEY (medico_especialidad_id) REFERENCES public.medico_especialidad(id) DEFERRABLE INITIALLY DEFERRED;


--
-- Name: core_agendacita core_agendacita_paciente_id_79e52c47_fk_core_paci; Type: FK CONSTRAINT; Schema: public; Owner: postgres
--

ALTER TABLE ONLY public.core_agendacita
    ADD CONSTRAINT core_agendacita_paciente_id_79e52c47_fk_core_paci FOREIGN KEY (paciente_id) REFERENCES public.core_paciente(usuario_id) DEFERRABLE INITIALLY DEFERRED;


--
-- Name: core_bitacora core_bitacora_usuario_id_69ea33d6_fk_core_usuario_id; Type: FK CONSTRAINT; Schema: public; Owner: postgres
--

ALTER TABLE ONLY public.core_bitacora
    ADD CONSTRAINT core_bitacora_usuario_id_69ea33d6_fk_core_usuario_id FOREIGN KEY (usuario_id) REFERENCES public.core_usuario(id) DEFERRABLE INITIALLY DEFERRED;


--
-- Name: core_componenteui core_componenteui_tipo_componente_id_062a22f1_fk_core_tipo; Type: FK CONSTRAINT; Schema: public; Owner: postgres
--

ALTER TABLE ONLY public.core_componenteui
    ADD CONSTRAINT core_componenteui_tipo_componente_id_062a22f1_fk_core_tipo FOREIGN KEY (tipo_componente_id) REFERENCES public.core_tipocomponente(id) DEFERRABLE INITIALLY DEFERRED;


--
-- Name: core_consulta core_consulta_historia_clinica_id_29d238b7_fk_core_hist; Type: FK CONSTRAINT; Schema: public; Owner: postgres
--

ALTER TABLE ONLY public.core_consulta
    ADD CONSTRAINT core_consulta_historia_clinica_id_29d238b7_fk_core_hist FOREIGN KEY (historia_clinica_id) REFERENCES public.core_historiaclinica(id) DEFERRABLE INITIALLY DEFERRED;


--
-- Name: core_consulta core_consulta_medico_id_9ccdc56f_fk_core_medico_usuario_id; Type: FK CONSTRAINT; Schema: public; Owner: postgres
--

ALTER TABLE ONLY public.core_consulta
    ADD CONSTRAINT core_consulta_medico_id_9ccdc56f_fk_core_medico_usuario_id FOREIGN KEY (medico_id) REFERENCES public.core_medico(usuario_id) DEFERRABLE INITIALLY DEFERRED;


--
-- Name: core_historiaclinica core_historiaclinica_paciente_id_dd8f14d9_fk_core_paci; Type: FK CONSTRAINT; Schema: public; Owner: postgres
--

ALTER TABLE ONLY public.core_historiaclinica
    ADD CONSTRAINT core_historiaclinica_paciente_id_dd8f14d9_fk_core_paci FOREIGN KEY (paciente_id) REFERENCES public.core_paciente(usuario_id) DEFERRABLE INITIALLY DEFERRED;


--
-- Name: core_horariomedico core_horariomedico_medico_especialidad__b83c0a82_fk_medico_es; Type: FK CONSTRAINT; Schema: public; Owner: postgres
--

ALTER TABLE ONLY public.core_horariomedico
    ADD CONSTRAINT core_horariomedico_medico_especialidad__b83c0a82_fk_medico_es FOREIGN KEY (medico_especialidad_id) REFERENCES public.medico_especialidad(id) DEFERRABLE INITIALLY DEFERRED;


--
-- Name: core_medico core_medico_usuario_id_e3dcb87f_fk_core_usuario_id; Type: FK CONSTRAINT; Schema: public; Owner: postgres
--

ALTER TABLE ONLY public.core_medico
    ADD CONSTRAINT core_medico_usuario_id_e3dcb87f_fk_core_usuario_id FOREIGN KEY (usuario_id) REFERENCES public.core_usuario(id) DEFERRABLE INITIALLY DEFERRED;


--
-- Name: core_paciente core_paciente_usuario_id_e71d7717_fk_core_usuario_id; Type: FK CONSTRAINT; Schema: public; Owner: postgres
--

ALTER TABLE ONLY public.core_paciente
    ADD CONSTRAINT core_paciente_usuario_id_e71d7717_fk_core_usuario_id FOREIGN KEY (usuario_id) REFERENCES public.core_usuario(id) DEFERRABLE INITIALLY DEFERRED;


--
-- Name: core_permisocomponente core_permisocomponen_componente_id_bc96578c_fk_core_comp; Type: FK CONSTRAINT; Schema: public; Owner: postgres
--

ALTER TABLE ONLY public.core_permisocomponente
    ADD CONSTRAINT core_permisocomponen_componente_id_bc96578c_fk_core_comp FOREIGN KEY (componente_id) REFERENCES public.core_componenteui(id) DEFERRABLE INITIALLY DEFERRED;


--
-- Name: core_permisocomponente core_permisocomponente_permiso_id_84addb2f_fk_core_permiso_id; Type: FK CONSTRAINT; Schema: public; Owner: postgres
--

ALTER TABLE ONLY public.core_permisocomponente
    ADD CONSTRAINT core_permisocomponente_permiso_id_84addb2f_fk_core_permiso_id FOREIGN KEY (permiso_id) REFERENCES public.core_permiso(id) DEFERRABLE INITIALLY DEFERRED;


--
-- Name: core_registrobackup core_registrobackup_usuario_responsable__fc941856_fk_core_usua; Type: FK CONSTRAINT; Schema: public; Owner: postgres
--

ALTER TABLE ONLY public.core_registrobackup
    ADD CONSTRAINT core_registrobackup_usuario_responsable__fc941856_fk_core_usua FOREIGN KEY (usuario_responsable_id) REFERENCES public.core_usuario(id) DEFERRABLE INITIALLY DEFERRED;


--
-- Name: core_rol_permisos core_rol_permisos_permiso_id_44c4157f_fk_core_permiso_id; Type: FK CONSTRAINT; Schema: public; Owner: postgres
--

ALTER TABLE ONLY public.core_rol_permisos
    ADD CONSTRAINT core_rol_permisos_permiso_id_44c4157f_fk_core_permiso_id FOREIGN KEY (permiso_id) REFERENCES public.core_permiso(id) DEFERRABLE INITIALLY DEFERRED;


--
-- Name: core_rol_permisos core_rol_permisos_rol_id_54efac87_fk_core_rol_id; Type: FK CONSTRAINT; Schema: public; Owner: postgres
--

ALTER TABLE ONLY public.core_rol_permisos
    ADD CONSTRAINT core_rol_permisos_rol_id_54efac87_fk_core_rol_id FOREIGN KEY (rol_id) REFERENCES public.core_rol(id) DEFERRABLE INITIALLY DEFERRED;


--
-- Name: core_usuario_groups core_usuario_groups_group_id_55312a9a_fk_auth_group_id; Type: FK CONSTRAINT; Schema: public; Owner: postgres
--

ALTER TABLE ONLY public.core_usuario_groups
    ADD CONSTRAINT core_usuario_groups_group_id_55312a9a_fk_auth_group_id FOREIGN KEY (group_id) REFERENCES public.auth_group(id) DEFERRABLE INITIALLY DEFERRED;


--
-- Name: core_usuario_groups core_usuario_groups_usuario_id_97385234_fk_core_usuario_id; Type: FK CONSTRAINT; Schema: public; Owner: postgres
--

ALTER TABLE ONLY public.core_usuario_groups
    ADD CONSTRAINT core_usuario_groups_usuario_id_97385234_fk_core_usuario_id FOREIGN KEY (usuario_id) REFERENCES public.core_usuario(id) DEFERRABLE INITIALLY DEFERRED;


--
-- Name: core_usuario core_usuario_id_rol_id_45a17480_fk_core_rol_id; Type: FK CONSTRAINT; Schema: public; Owner: postgres
--

ALTER TABLE ONLY public.core_usuario
    ADD CONSTRAINT core_usuario_id_rol_id_45a17480_fk_core_rol_id FOREIGN KEY (id_rol_id) REFERENCES public.core_rol(id) DEFERRABLE INITIALLY DEFERRED;


--
-- Name: core_usuario_user_permissions core_usuario_user_pe_permission_id_7f881653_fk_auth_perm; Type: FK CONSTRAINT; Schema: public; Owner: postgres
--

ALTER TABLE ONLY public.core_usuario_user_permissions
    ADD CONSTRAINT core_usuario_user_pe_permission_id_7f881653_fk_auth_perm FOREIGN KEY (permission_id) REFERENCES public.auth_permission(id) DEFERRABLE INITIALLY DEFERRED;


--
-- Name: core_usuario_user_permissions core_usuario_user_pe_usuario_id_ce4108a7_fk_core_usua; Type: FK CONSTRAINT; Schema: public; Owner: postgres
--

ALTER TABLE ONLY public.core_usuario_user_permissions
    ADD CONSTRAINT core_usuario_user_pe_usuario_id_ce4108a7_fk_core_usua FOREIGN KEY (usuario_id) REFERENCES public.core_usuario(id) DEFERRABLE INITIALLY DEFERRED;


--
-- Name: django_admin_log django_admin_log_content_type_id_c4bce8eb_fk_django_co; Type: FK CONSTRAINT; Schema: public; Owner: postgres
--

ALTER TABLE ONLY public.django_admin_log
    ADD CONSTRAINT django_admin_log_content_type_id_c4bce8eb_fk_django_co FOREIGN KEY (content_type_id) REFERENCES public.django_content_type(id) DEFERRABLE INITIALLY DEFERRED;


--
-- Name: django_admin_log django_admin_log_user_id_c564eba6_fk_core_usuario_id; Type: FK CONSTRAINT; Schema: public; Owner: postgres
--

ALTER TABLE ONLY public.django_admin_log
    ADD CONSTRAINT django_admin_log_user_id_c564eba6_fk_core_usuario_id FOREIGN KEY (user_id) REFERENCES public.core_usuario(id) DEFERRABLE INITIALLY DEFERRED;


--
-- Name: medico_especialidad medico_especialidad_especialidad_id_0d7790fc_fk_core_espe; Type: FK CONSTRAINT; Schema: public; Owner: postgres
--

ALTER TABLE ONLY public.medico_especialidad
    ADD CONSTRAINT medico_especialidad_especialidad_id_0d7790fc_fk_core_espe FOREIGN KEY (especialidad_id) REFERENCES public.core_especialidad(id) DEFERRABLE INITIALLY DEFERRED;


--
-- Name: medico_especialidad medico_especialidad_medico_id_fe43b099_fk_core_medi; Type: FK CONSTRAINT; Schema: public; Owner: postgres
--

ALTER TABLE ONLY public.medico_especialidad
    ADD CONSTRAINT medico_especialidad_medico_id_fe43b099_fk_core_medi FOREIGN KEY (medico_id) REFERENCES public.core_medico(usuario_id) DEFERRABLE INITIALLY DEFERRED;


--
-- Name: token_blacklist_blacklistedtoken token_blacklist_blacklistedtoken_token_id_3cc7fe56_fk; Type: FK CONSTRAINT; Schema: public; Owner: postgres
--

ALTER TABLE ONLY public.token_blacklist_blacklistedtoken
    ADD CONSTRAINT token_blacklist_blacklistedtoken_token_id_3cc7fe56_fk FOREIGN KEY (token_id) REFERENCES public.token_blacklist_outstandingtoken(id) DEFERRABLE INITIALLY DEFERRED;


--
-- Name: token_blacklist_outstandingtoken token_blacklist_outs_user_id_83bc629a_fk_core_usua; Type: FK CONSTRAINT; Schema: public; Owner: postgres
--

ALTER TABLE ONLY public.token_blacklist_outstandingtoken
    ADD CONSTRAINT token_blacklist_outs_user_id_83bc629a_fk_core_usua FOREIGN KEY (user_id) REFERENCES public.core_usuario(id) DEFERRABLE INITIALLY DEFERRED;


--
-- PostgreSQL database dump complete
--

